Frame_0,Freeflyer_X[m],Freeflyer_Y[m],Freeflyer_Z[m],Freeflyer_quaternion_X,Freeflyer_quaternion_Y,Freeflyer_quaternion_Z,Freeflyer_quaternion_W,Left_Hip_Flexion_Extension[rad],Left_Hip_Abduction_Adduction[rad],Left_Hip_Internal_External_Rotation[rad],Left_Knee_Flexion_Extension[rad],Left_Ankle_Plantarflexion_Dorsiflexion[rad],Left_Ankle_Inversion_Eversion[rad],Lumbar_Flexion_Extension[rad],Lumbar_Lateral_Bending[rad],Thoracic_Flexion_Extension[rad],Thoracic_Lateral_Bending[rad],Thoracic_Internal_External_Rotation[rad],Left_Clavicle_Elevation_Depression[rad],Left_Shoulder_Flexion_Extension[rad],Left_Shoulder_Abduction_Adduction[rad],Left_Shoulder_Internal_External_Rotation[rad],Left_Elbow_Flexion_Extension[rad],Left_Elbow_Pronation_Supination[rad],Left_Wrist_Flexion_Extension[rad],Left_Wrist_Radial_Ulnar_Deviation[rad],Cervical_Flexion_Extension[rad],Cervical_Lateral_Bending[rad],Cervical_Internal_External_Rotation[rad],Right_Clavicle_Elevation_Depression[rad],Right_Shoulder_Flexion_Extension[rad],Right_Shoulder_Abduction_Adduction[rad],Right_Shoulder_Internal_External_Rotation[rad],Right_Elbow_Flexion_Extension[rad],Right_Elbow_Pronation_Supination[rad],Right_Wrist_Flexion_Extension[rad],Right_Wrist_Radial_Ulnar_Deviation[rad],Right_Hip_Flexion_Extension[rad],Right_Hip_Abduction_Adduction[rad],Right_Hip_Internal_External_Rotation[rad],Right_Knee_Flexion_Extension[rad],Right_Ankle_Plantarflexion_Dorsiflexion[rad],Right_Ankle_Inversion_Eversion[rad]
609,-0.12479510977200114,1.67757507776396,-0.38563463543302173,0.679069517397512,-0.10252412096205415,-0.623522325464437,0.37359510811825275,1.4177936984433868,0.048480897454729194,-0.0077115437350569385,1.0369449396998427,0.3313819462877069,0.28877046765716813,-0.3881553414666188,-0.756100064723714,-0.3926971870586667,1.0095284871151189,-0.5307955189058958,-0.34576207433016254,-0.16176117136800405,1.039003985050076,-0.5061709776253807,0.3131828989218103,1.4758180570601251,0.043725482538127525,0.02745852989544498,0.5723256666248184,0.040909389420474576,-0.04915030040075488,-0.32317077337591077,-1.1750740791272418,1.3127637648151786,-1.1120119422802173,0.2326917432167869,1.0758076894288233,0.2047167760553759,0.09837546005623121,1.7549095311439342,0.20122041906029697,-0.24347430839006565,1.0590030126127103,0.014200938261057889,0.5163841362372172
610,-0.14997541881038567,1.4496989167309298,-0.36635575947079657,0.7181190616587602,-0.0512164600848155,-0.5956495883425735,0.356207040084899,1.4422128476659632,0.02143800837218566,-0.014354453287281538,1.1013545937881315,0.3467883874246159,0.28948533351824696,-0.22986062688836004,-0.6609365746120279,-0.39269732302926663,1.012353850581485,-0.4291832545450481,-0.34600986875540035,-0.24618281655270766,0.9443821906316001,-0.5050458402209469,0.28969418150267445,1.4772240329155988,0.04621367936936831,0.0035913735733446635,0.6054963188728563,0.037723866719765645,-0.056133169184741066,-0.3251129153727174,-1.1512796956793694,1.2200069720229967,-1.0959105889050131,0.22099338278582983,1.0788283164621741,0.2157304417107457,0.08330612508519956,1.8446008100023137,0.24709069578600507,-0.22322001111626621,1.0759810880912914,0.022961121499280597,0.5126210181511345
614,-0.1670820970776232,1.2870313491862182,-0.3401106987918044,0.7465768889416207,-0.013499638554525632,-0.5709563911067684,0.34124698989365887,1.4724787662773753,-0.0041488418935176265,-0.007095909161282931,1.2016995452125592,0.36343164048982124,0.291447290540729,-0.09662297101966742,-0.5913781462586098,-0.39269744880207164,1.0149673117878737,-0.3277677438812693,-0.34623907859874525,-0.3519424223287093,0.824179321473534,-0.4965173264867417,0.2679671178899738,1.4800290311049804,0.05618266838543835,-0.02845999666007614,0.61256090534967,0.050250365380901954,-0.0829167363551732,-0.32690939671976355,-1.0885298867826347,1.1271552674520604,-1.0712840690124366,0.20607974409304766,1.084341933450808,0.23295115778560205,0.061130778029006405,1.9363166936006684,0.29564464610086777,-0.18696601224089893,1.1545640263204509,0.0366852526508232,0.505669934129898
615,-0.16056195260258535,1.3464358065506554,-0.3505904726488577,0.7329698637202172,-0.018454996133004893,-0.5888254637178293,0.3401458000228434,1.5675765581306127,-0.006768106679998187,0.033532325854537345,1.3325766520068751,0.383514681931321,0.29885801434150777,-0.14071619160796126,-0.6059296352892141,-0.3926975651419162,1.0173847634037831,-0.34154781551936475,-0.3390447240808809,-0.36070625146371305,0.8468552148676878,-0.5052201291384883,0.25559637888265707,1.4857036662142438,0.08315000154943768,-0.02082716761169212,0.6331982961215848,0.06218382743696353,-0.12623016479637175,-0.3285711419657813,-1.0241207433565978,1.1201157687761734,-1.0679374342383725,0.1906237632860691,1.0946882992433549,0.2154051719435571,0.035164322324358045,2.00113547940889,0.2655523308800906,-0.15351170317248294,1.3035909743464171,0.06152842282762307,0.49179345783259565
619,-0.16230102596661508,1.3583786416656605,-0.36313795256109127,0.7292846987964879,-0.011840723701901014,-0.5952995996254671,0.3370786437158097,1.6358488705669914,-0.006677489271863722,0.06520666449670232,1.4267325297966231,0.3986619151942825,0.3139707466528645,-0.1890673272373642,-0.6193897626425229,-0.39094462184385664,1.0196209061484993,-0.37019730721291705,-0.3157282052252162,-0.37770506791273883,0.8500236674019895,-0.5297383211098909,0.25160806588557727,1.4993530750077033,0.13273889471134606,-0.0003585750194089899,0.6504730216511009,0.06468590579473399,-0.15451856766624553,-0.3301082563183477,-0.9821036808574228,1.1248526868468063,-1.0727567096120683,0.17632698103961394,1.1106306826582875,0.1815168377990505,0.00028982819835514373,2.0816031861781683,0.23883759338282995,-0.12423958254341105,1.4414409012704357,0.0900961146669724,0.47743364545762024
620,-0.1700865696341309,1.300734538562392,-0.37013371507501125,0.7458583561995725,-0.0037590621022827986,-0.5713034190535032,0.3424815109128667,1.6300169347775597,-0.03049348132034083,0.07316913532022183,1.5131056798744302,0.4060920250246572,0.3265054915033536,-0.16416284998194652,-0.6190029739791307,-0.3594297992232221,1.021689338187362,-0.37036227999714144,-0.318228539833325,-0.4317538905440356,0.834060017702572,-0.5318340642624988,0.232737460944159,1.514712508908652,0.15101283855583644,-0.003464820333972703,0.591247074820331,0.07202986221759045,-0.18634538481291357,-0.33153008709447157,-0.937871412602432,1.1049204208259316,-1.0566814156358302,0.1631024574616429,1.1183597057307908,0.16873398562483777,-0.021467008980734593,2.153840398241916,0.2630036893855184,-0.08510537451628056,1.5148266976515252,0.09383059101774636,0.4728621580180223
625,-0.165037514545289,1.3243822512445982,-0.3786718859699128,0.7503156568319281,-0.010313208900954782,-0.5602350039276514,0.35079451707405884,1.6326083956092647,-0.06147686259848723,0.062381120142068404,1.5350625877656867,0.4043254080280075,0.34460515516399826,-0.18636389442725304,-0.6314826009306961,-0.3251395549087747,1.0236026378233096,-0.40883348236920586,-0.3187394419033623,-0.444830091379735,0.8505539596670457,-0.5506192374253805,0.21528215137334708,1.5391549164024525,0.17517882546332453,0.02205606018138589,0.5494951831404636,0.044859600667571393,-0.18796083167276584,-0.3328452805623862,-0.9112782018162039,1.1338899731546794,-1.0368475397012769,0.15086977315201971,1.125202647446773,0.14664414477992085,-0.025690971105681127,2.15371602836534,0.28697429539000885,-0.0666061712715008,1.5036526795032987,0.08794493121263768,0.4730015344895785
626,-0.16163249514051872,1.3356273921009079,-0.3843585565250837,0.7513897161020722,-0.015230494258909965,-0.5592478901342647,0.34989044565556543,1.6649386400707291,-0.07953573878002712,0.03854450570372084,1.5240878043612351,0.39351967533007126,0.35572009894737433,-0.20814540125325903,-0.6430262558608939,-0.31714150561551313,1.0253724399865616,-0.43221812136827403,-0.317615571516689,-0.45328220731112,0.8596457821041986,-0.5769564391500015,0.21219496038225236,1.5630175385957321,0.2127625865525414,0.0599028685515558,0.5603979169025577,0.034607183423615406,-0.17825801168227323,-0.33406183452020727,-0.898701698044502,1.1619469084835348,-1.0192707243470605,0.13955454016561827,1.1326960362338443,0.13782755785180242,-0.031715902732024036,2.1354242625381534,0.29098235430811664,-0.05477799592609245,1.4932253303216259,0.10199447842966264,0.4714149303850215
630,-0.16249531703875655,1.3178327945191908,-0.3848001167866979,0.7578581188611417,-0.017125973124643805,-0.5530159942719435,0.34573267534353636,1.6806186138912604,-0.08831235340146606,0.02541145311031184,1.5301681626541488,0.3777710977056897,0.3637557099713507,-0.20133326896336767,-0.6537041366713268,-0.3124205132512757,1.0270095069875693,-0.43597366545912014,-0.3199743536529373,-0.46370058523938823,0.8528202867158128,-0.5887744986849116,0.20196263306833326,1.5880366124331629,0.23084792055497685,0.0881687896689869,0.5466485599857634,0.0432001229167409,-0.18402178548267215,-0.3351871469311917,-0.8783884473046685,1.16834651431391,-0.994410719074598,0.1290879496531969,1.1391979099538354,0.13833158898222536,-0.03722232640453532,2.1244372566523797,0.290774364896941,-0.03671128596046153,1.4689535498835435,0.11859917348557562,0.46572560225478704
631,-0.15750462086650527,1.3275812840157672,-0.37670552349849584,0.7587021788007914,-0.017005887253924098,-0.5555442350251671,0.33978288157577996,1.6729938641245607,-0.0769416116127772,0.044575247532101216,1.520288261507271,0.36631709478143926,0.37291662785654073,-0.20650133565473947,-0.6635811764209774,-0.3175950092757874,1.0285237939635015,-0.44709539310741425,-0.3221562271289671,-0.45059451575397486,0.8429298131519549,-0.6125253130099827,0.20846977336935554,1.616056703804858,0.22260720124221298,0.10296572891493892,0.5197711044678534,0.033775146434687785,-0.1773230366103463,-0.33622806091135227,-0.8653767942950118,1.1790682754073336,-0.9684181867479175,0.11940635342920711,1.1443827223871317,0.13732689504768805,-0.026618857974222237,2.0943113425984192,0.28024503755609576,-0.044966972842228135,1.4178443676935633,0.14065035398212797,0.45615420868933515
635,-0.1519589202465954,1.3234021246236718,-0.37240047479233856,0.7584679212683603,-0.02069348971764128,-0.5553761155778314,0.3403756191853898,1.6453556964090679,-0.0718000160640172,0.05493745920260529,1.4955191061673452,0.3647298081109634,0.3764634068415331,-0.20788363583336525,-0.672717438189404,-0.3232278085801033,1.029924509416239,-0.45671960928994937,-0.32417446009429457,-0.45259121420146464,0.8232046666725931,-0.6482083827201229,0.24348979767933296,1.6410833185965321,0.21398228268810918,0.11958256750533061,0.5067809621637561,0.03160395266334845,-0.17485931852425585,-0.33719090634300086,-0.864447752494074,1.1802635019354124,-0.9455762271572175,0.11406754970517494,1.148141892459946,0.13879955759979093,-0.004964468411067315,2.077341034721242,0.2782840038394205,-0.046710233201023015,1.3949227360139906,0.14647501086936482,0.44740181948046615
636,-0.14606374100110478,1.2994655836456939,-0.37888791249410897,0.7523107798851534,-0.027619196442953107,-0.5467375137064797,0.36652934611364313,1.5813661883526184,-0.07351111992452809,0.058685577495748174,1.4657158454768293,0.3799498678810788,0.3731490540745576,-0.2005522977913675,-0.6596434521880941,-0.32005027491291443,1.0312201712100213,-0.47501251415238877,-0.31756707504338066,-0.4859971275068692,0.7869505102074241,-0.6811298629681027,0.30768424110431436,1.6533595047987735,0.21549315212197426,0.15048861077338355,0.5051577918695529,0.028860012707772772,-0.17879678849084354,-0.3380815383672758,-0.8887622860727851,1.1597031446404729,-0.9412200431429661,0.14027961134449224,1.145991741270594,0.1330565419708147,0.022022135435057426,2.079696471310743,0.3048203353135467,-0.05718790035134326,1.3918860659249304,0.10271295069195811,0.45059755591328554
641,-0.13928047564271914,1.3044560476132485,-0.3836857486824915,0.7455609115523867,-0.03263362633906904,-0.5414255743106664,0.38721095165232766,1.5132173342646273,-0.06894697125907162,0.06613939793741073,1.4336452514451388,0.40080051054738675,0.3684007615610924,-0.20402865399555767,-0.6570781066669251,-0.32172219384778317,1.0324186583692698,-0.5033930391436066,-0.30774615296673363,-0.510864028736263,0.7449327967321125,-0.7211221308790507,0.3852843862620578,1.6698529517236722,0.21836869546045526,0.17739588793003805,0.4968803342080209,0.026358290962032495,-0.1831177307542439,-0.33890537298973006,-0.9197892224546661,1.1460226356382608,-0.9475226811711402,0.1737233212574409,1.1434105366049168,0.12091658780855083,0.05076723365192118,2.055285901364174,0.3275576982751282,-0.07352379878737875,1.3745441858948393,0.06526634698277936,0.45485398111528624
642,-0.13672879515284503,1.3468047925215116,-0.3853531858780478,0.7413246097010486,-0.028939396406073528,-0.5481657074719483,0.38615371491029116,1.500395820513804,-0.054003149730982414,0.06372360327648674,1.4243320391269971,0.4026923607104872,0.365476310322304,-0.23089800767192759,-0.6667020986669058,-0.3270454543091994,1.0335272589915747,-0.5177408918125173,-0.31074835271227375,-0.5046115466902346,0.7403901742557514,-0.7341393262754562,0.40888103733140024,1.6868047539058286,0.2207864507958303,0.17336745171826837,0.4891629977283658,0.0355699121745091,-0.19137575798157536,-0.33966742001550027,-0.927654401737381,1.1600443146079173,-0.946315264358818,0.17237553581475495,1.1454973610125727,0.11239268599580304,0.05905073819463633,2.0019934239328885,0.31852586062235394,-0.08606991147608208,1.3408924145019447,0.08311178949911749,0.45132389283327184
645,-0.13326048554811198,1.375855867988775,-0.39114079837045385,0.7355178555045809,-0.03404537193049499,-0.5531380957061144,0.3897340682602305,1.4887412160964484,-0.03870908057749543,0.05739658913024508,1.412549323936295,0.39708512383979705,0.3607241795989662,-0.24647935250455752,-0.6755762573286485,-0.3319694702360094,1.0345527145672067,-0.5227018932242914,-0.3125118576401911,-0.5095410485987225,0.7427039808727506,-0.7407915937185232,0.4229585327985005,1.7072233260028522,0.22492178803992435,0.1625431055709782,0.49791646202576995,0.05149364353539259,-0.20170622214061001,-0.34037231351433767,-0.9368282372111243,1.1716921834051783,-0.9393682204328796,0.16579753747763967,1.1488361568818275,0.10778338088380113,0.06894918285773474,1.958069165750557,0.31595449477984827,-0.10337275924611258,1.302495880071784,0.09320367695391099,0.44708482869493804
646,-0.12555614015360586,1.3803664744132975,-0.3988609432695827,0.7283852070004561,-0.05844360539870675,-0.5515958734608589,0.40222049623540446,1.4628078730616765,-0.027429285573365714,0.07189463596125656,1.3937693488270035,0.39121204094080253,0.35375016862686404,-0.2299388742212603,-0.6818771859225432,-0.32383212748668244,1.0355012609746659,-0.5087537184055648,-0.3024840174477179,-0.5389514009234174,0.7213619630088182,-0.7668343919701593,0.4644579971160407,1.7280774323057788,0.22726563745490888,0.1616728150842596,0.5210098111533529,0.06934521458532064,-0.20409253685741097,-0.34102434000076226,-0.9665398667499975,1.1693097506696897,-0.9426535846475634,0.18242611371186024,1.151443708349254,0.11178992173680599,0.08872171067769292,1.9305648367845463,0.3317188688390042,-0.1317467663797789,1.2829449090308485,0.06424431404179623,0.4475433268005996
650,-0.1228961344996347,1.4048332679665247,-0.40245714027271673,0.7246660725958277,-0.07247603222494879,-0.5575192113567204,0.3984703714828082,1.5131733976089958,-0.031115948459284594,0.05361664723683385,1.4293529813332162,0.3996471186492686,0.3506305794949681,-0.23772967617384516,-0.6893939052638698,-0.3199558781258071,1.036378666401566,-0.4892443506202877,-0.28166676233323823,-0.5524915203418017,0.6948783970698544,-0.7870358754038501,0.5138962493129047,1.7508647754812046,0.2518720155723662,0.17061751558585553,0.5416783795824565,0.056570398591644526,-0.19909690081862078,-0.34162746450070514,-0.9855516879989579,1.1838606042527224,-0.9440622715608863,0.1869910118849008,1.1572583716453066,0.12521360007068758,0.10498031571569198,1.9317896697973334,0.33806787214861445,-0.14273840328838466,1.2906678710902773,0.055236365245037944,0.4493055558285161
651,-0.1274904650928281,1.4496723025715346,-0.39932221810570445,0.724534585185325,-0.0734281575261003,-0.5658792256607271,0.3865729459212932,1.6353046427883209,-0.06129300987652729,-0.034540406197181864,1.5330531740740456,0.42857839725057345,0.3533805167411312,-0.2648886595472998,-0.6897343994541162,-0.32541161226637155,1.0371902664214485,-0.478872970355753,-0.25363154981183333,-0.5451580292785161,0.6726199955247653,-0.782033063178602,0.5859626242254486,1.7623675584497096,0.3098627991846788,0.21022330623635796,0.547335408698998,-0.014852627029777531,-0.18875681285451046,-0.3421853546631523,-0.9833822426812567,1.2172338498713318,-0.9357247853757971,0.17836968354973984,1.1604022461647419,0.13519727892419886,0.11464158518248312,1.972476806364112,0.34376707326709993,-0.11742590345412073,1.3552768003284226,0.0721967278830753,0.4580663241017947
655,-0.1335057986744626,1.4464459599296335,-0.3999722726633007,0.7293761032918942,-0.05616134415748069,-0.5717954303480305,0.37135749514755656,1.7317687317252688,-0.0653635531501277,-0.07839962689050814,1.5928224631174674,0.44372321525474995,0.35478723735841367,-0.30392686008125225,-0.6944047155949982,-0.33045816634639363,1.0379409964398398,-0.48304915135584536,-0.21127915393810243,-0.5603313488440822,0.6197820892052477,-0.8087514611655694,0.6349530066897371,1.789380180677831,0.3835409188286957,0.2493292799905424,0.5253573541313957,-0.06727511710578053,-0.1894615579619152,-0.34270140306341595,-0.9737182852350267,1.218570133265207,-0.9191050388108642,0.18494231249357762,1.164241812195657,0.1471621593780112,0.14147707763644685,2.0542463455992808,0.342766380365869,-0.09472249975259878,1.392298055102702,0.07878582054060615,0.47539089654396693
656,-0.13461953520661837,1.36547487621569,-0.3993924162416412,0.738708019132736,-0.036874988278051274,-0.5608873358028267,0.3719624903730079,1.600823802419372,-0.041794665003686046,0.00602009515127995,1.5077160750038792,0.41852202673255423,0.35781540442618587,-0.2928251923979903,-0.7012292119253732,-0.3264822063549816,1.0373252818385308,-0.48992734136817356,-0.21926634216464858,-0.6043045455840832,0.592622061302172,-0.8505530704979762,0.5873315311880067,1.8136389438516891,0.3626005863603807,0.1951315567067673,0.5122952029967877,-0.012946405911623302,-0.2102758535699834,-0.3431787478336597,-0.9607990760644678,1.1578400850854866,-0.918182829796755,0.21354812758553207,1.164786995784637,0.14565729733219399,0.16011650466253372,2.0529304610584993,0.33369618688885494,-0.10246844628974106,1.3283223222012739,0.07823300889704013,0.47195887557300314
659,-0.14369674713457758,1.313953682335871,-0.3951902436705361,0.7428017428589839,-0.025105078018537962,-0.5501554718827723,0.3807154614942542,1.4819430447049466,-0.02237746680671425,0.07627600022033607,1.4218171318708537,0.38666374188056823,0.3580050436148524,-0.2646525522971683,-0.7035281729129943,-0.3308181066283685,1.0380658857006413,-0.5023192565481017,-0.2290013165022999,-0.6178807542069902,0.5840578469625677,-0.8901781040095192,0.5432816663489063,1.8502802527113633,0.3166290743307449,0.12342636225854106,0.49854685694365936,0.07568153788868037,-0.23448759021441368,-0.3436202917461353,-0.931165409096363,1.1066819567320996,-0.9206423167905692,0.25434907635988036,1.1677685245742828,0.13637564233052155,0.1770277614203118,2.017624131662216,0.315138911234767,-0.10754727977542923,1.2967675854886944,0.09365970522104139,0.45990057077390645
660,-0.15351050254001586,1.341049714083217,-0.38948724788306266,0.7420836369812146,-0.021250195499337335,-0.5544071652477092,0.37615555298037545,1.5489298753530032,-0.03429706690273781,0.04706944617311318,1.480329297995215,0.403171352069889,0.36385558017489966,-0.28262306666429216,-0.7000861419926864,-0.33545917363124084,1.0387509442730933,-0.5009573248964663,-0.22719108400582297,-0.5791487636081455,0.6056875814739952,-0.905125365184429,0.5025355413727383,1.8790007047431339,0.3242552903022139,0.0997835960194129,0.5140032580874552,0.09532951928891142,-0.2309571485438588,-0.3440287198651751,-0.8960182861097628,1.1345060337423223,-0.9232259771621627,0.2652481181796377,1.1779975281920096,0.130327572511137,0.17097335938953015,2.018599804924223,0.30236959406117664,-0.0988553180043429,1.3532619058364421,0.12969177350555489,0.4484222797724177
665,-0.16194148682335366,1.346682711331517,-0.3847400376080477,0.7462145160631856,-0.007379687728433433,-0.558605561045279,0.36203489251024606,1.5898837057462543,-0.025467784229035315,0.035875006592271295,1.5036528561121125,0.3910876745317662,0.37387018347973483,-0.30899614447031465,-0.7056238722079181,-0.33975216060889785,1.0393846234526112,-0.49631863698775497,-0.22489348967650297,-0.5483155509824995,0.620750458588999,-0.9096800491585643,0.46484537576978296,1.9105470510743816,0.3358805683220937,0.08995821285389702,0.5152571219581867,0.10148885133417863,-0.2269245340934311,-0.344406515875287,-0.8696781101709066,1.150680040743287,-0.9197278899242715,0.25469517583681284,1.1891945204441063,0.1309620380555517,0.1532383267611778,2.025710767965859,0.2817607809149252,-0.09019671920348489,1.3761846252592567,0.17110159127788674,0.43533372966618655
666,-0.17077564874721837,1.329000091984433,-0.3727735840268987,0.7545794603228038,0.012146811107893373,-0.558499739624868,0.34429686881789967,1.5627457230356105,-0.008717537378516198,0.05332336413335565,1.4721860482538656,0.35506069819609126,0.38206625178852693,-0.31392169363199307,-0.7080499594432741,-0.34372317356323046,1.0399707766936652,-0.4894691305503501,-0.23420642795076524,-0.5137159135426361,0.6399808387282958,-0.8979097588006327,0.43231103839225626,1.9299941498419344,0.32083771791280574,0.08449623726325653,0.4804978442644416,0.09629985155804348,-0.21989814467612667,-0.3447559771846405,-0.849757621338585,1.1364327640635954,-0.9133172215374247,0.23559303764905185,1.1934964006439068,0.11967528861566361,0.1332734992216872,2.003038181376105,0.2532295393589065,-0.09023467885626998,1.3486487869336639,0.21717378443204524,0.41610539579448264
670,-0.17802727432321314,1.3302365547250505,-0.36480055101716974,0.7589290080274029,0.024111103131551605,-0.5625726980582206,0.327043383788475,1.6112860111361447,-0.007274621502336478,0.035958908147407084,1.4857726645810954,0.34055935519686287,0.3921477835891705,-0.3330027575929649,-0.7088131535453626,-0.3473963605459882,1.0405129684416405,-0.4790451204195861,-0.24018106958111746,-0.4908345883277263,0.655570233466028,-0.8781562241694855,0.4286275747202768,1.9465161794305297,0.32995416174894177,0.1016580590367791,0.4560242480399158,0.051351646919001834,-0.20577739215796062,-0.34507922889579246,-0.8390729892476906,1.1378973104492698,-0.9115345830060093,0.21792355982537293,1.193708033106402,0.10202337663895585,0.08364226871015855,1.9983708772680224,0.23580733593956174,-0.08346277432400964,1.3444759050839599,0.2597905630996418,0.39720541875743326
671,-0.1815552013510991,1.311602830071379,-0.36913266808100254,0.7576635056773104,0.021861319359855868,-0.5628284381346911,0.32968506806872333,1.6628787304948034,-0.005193529316785948,0.025770793531800604,1.4907577057543724,0.3447895000372696,0.3904514722817794,-0.3370076459184606,-0.7080428480045754,-0.35079405850503914,1.0410144958085175,-0.4738293110660429,-0.23251213416365177,-0.494116753448657,0.647582731822577,-0.8723553665669207,0.41309052754659914,1.9643224169681743,0.3450336432539537,0.1061592672149286,0.4726175809826076,0.04099273178854735,-0.20601241868211725,-0.345378236728608,-0.8400464474376543,1.127888576836348,-0.9205567350380259,0.20157929283846998,1.1931372543858418,0.08729544322640435,0.020032071647026563,2.0136352833702396,0.2362400070713909,-0.07238518518409373,1.3686159566535852,0.26347373353995923,0.39069709971253985
676,-0.18416775356469475,1.2848006293672962,-0.3735475921361457,0.7567547327555273,0.018640286679900035,-0.5616419964874733,0.33396568977391483,1.673591320764721,-0.004616644853575406,0.017308304190883562,1.4518054107047769,0.34691682884017205,0.3849443883234514,-0.33330329002414083,-0.7076638594498662,-0.35393692911716124,1.0414784086228783,-0.46798202998696725,-0.22947577632148478,-0.5062407870645751,0.6426887319378092,-0.8763147564729016,0.3856517618653591,1.9820149059744159,0.34165565916448615,0.09600288264981555,0.48745818719691425,0.05204255901177874,-0.2106880343351107,-0.3456548189739624,-0.8406412789559801,1.1124779263004994,-0.9287099366047391,0.18646084587558476,1.1872021257481402,0.07721253877006817,-0.022066868669844926,2.007399311564462,0.23390002286599273,-0.07094269987127805,1.3696211100645672,0.2570495496520228,0.38601454472025537
677,-0.1864806910773841,1.2752593819627913,-0.37735595120867144,0.7561246991312095,0.014982918828895091,-0.5636307927246493,0.33222173468887906,1.6707891520093887,-0.012811576931378266,-0.019524376168912675,1.3857860059164795,0.3457365438200344,0.38417740238776327,-0.3383697532395374,-0.7134723619278597,-0.3568440844333741,1.0419075279761623,-0.45575447244888184,-0.23608410503621508,-0.5317507428025685,0.6500664812682713,-0.8943489705703415,0.3567278797254571,1.9993819902721413,0.3119784209032446,0.07155691141297991,0.49340958565698745,0.08200938755835872,-0.22026364328038062,-0.34591065755091527,-0.8417283239646927,1.117956232311376,-0.9209419563212052,0.17317074685331413,1.1673464632714723,0.09566204989307747,0.010368335725214839,1.967250241991679,0.22479806394294788,-0.08474074724218014,1.3443327247523806,0.26212761965171405,0.3819321295306803
679,-0.1880744878917685,1.2650633938528608,-0.38181974809100555,0.7533017470672863,0.005001674701523227,-0.5656358078536223,0.3355109446640069,1.6658489059963129,-0.02187082704020333,-0.05194272662642736,1.3294718025036683,0.3449778313918397,0.3810284725043538,-0.33343651859839163,-0.7171118620088793,-0.35583626200241303,1.0423044633779504,-0.4437561747423708,-0.24375178260140853,-0.5583129433819632,0.6563482833820267,-0.9142050666780113,0.32997328874604775,2.0114655566260238,0.28150521634405845,0.052399205014104666,0.5022525132138261,0.12094110676693906,-0.23461978693656624,-0.34614730823459655,-0.8539038385746499,1.1220354917203894,-0.9165900839953364,0.1935383376900238,1.1510388417067934,0.10190100079651877,0.05926499333879827,1.936972802495918,0.21973400819979208,-0.09159557159309589,1.3268075539016815,0.256332582187262,0.38026404736108493
680,-0.19013983267894344,1.2630044538095437,-0.3788243837002205,0.7515902434282075,-0.003550411687876124,-0.569108128910943,0.33348978720173705,1.6862907838501437,-0.03240843240466838,-0.07806302528673233,1.3287514413308454,0.3541940168103448,0.37136952821722524,-0.3249740030055389,-0.716153594664783,-0.3492005341635366,1.042671628624604,-0.42292837633183267,-0.25074381977533844,-0.5542986468326828,0.6628113760843787,-0.9144048171067329,0.3377952191645472,2.0235852047105882,0.2938446585575893,0.07042356270045642,0.5013004076274697,0.13087188847654496,-0.25483113375438904,-0.3463662101170018,-0.8517088589640228,1.1416082050866379,-0.9123022808681686,0.21337317879634657,1.148792019625963,0.05727331633618972,0.09092670656478764,1.9344829705549789,0.21815534092718467,-0.07868435833733572,1.3192449434356455,0.24757953394872895,0.37848699373896244
684,-0.19287909069141784,1.2713082991692617,-0.3751532610297679,0.7516897005772619,-0.007979596928800518,-0.5741050744441561,0.3245031333845484,1.718081590990327,-0.036481560782234634,-0.1011375385094916,1.337989622105884,0.35199855140695624,0.361950505648549,-0.328260019903266,-0.7185597814662528,-0.33664030383704086,1.043011256477759,-0.398416395776069,-0.2521133764513697,-0.5492687588086024,0.665293875084603,-0.9102072933953468,0.353759240293076,2.0380437050282705,0.31869243218387155,0.09775799108956379,0.48384205102752376,0.1245111999078535,-0.27042930253190745,-0.3465686943582267,-0.8482266439491642,1.1613419169700174,-0.9066699846256019,0.25256368757601083,1.1503972502722,-0.012953149429584587,0.12761640371540547,1.925714660220564,0.21229467739317998,-0.06565246876396424,1.3085549955418776,0.2541171392716825,0.3761344535625426
685,-0.19540332921602419,1.2766427135939018,-0.3733543217121193,0.7521169783210367,-0.01079803734117652,-0.5789191399975969,0.3147317630225052,1.7392598181918348,-0.0187807256268029,-0.09736978460573086,1.3395677222595452,0.3367587104079988,0.35764214866259053,-0.33522852718536844,-0.721685174005751,-0.3215297618447123,1.043325412241927,-0.3737993498055779,-0.2531113969285376,-0.5422324627243083,0.670677264907147,-0.9051555338775192,0.3423389712080904,2.0498694830755397,0.32190892939391685,0.10862949010062002,0.4631338834714391,0.12135541483894076,-0.2675823550633975,-0.34675599228135967,-0.8464646316098168,1.1662829628966747,-0.8963373262199688,0.28695169620307337,1.1492514372059472,-0.073341650786403,0.16676291560568507,1.8984042297993065,0.20102462207457858,-0.058058788600189135,1.2983627935229967,0.2799793609136481,0.3714499565631452
690,-0.19829365160987958,1.2794982942331272,-0.3685681381237308,0.7516005650737627,-0.009610417242208794,-0.5848939260826724,0.3048004686558544,1.7620059476400585,-0.001103661479050692,-0.09021325245674287,1.3510076087639902,0.32818813094924587,0.35714222703186116,-0.3432276098315501,-0.7211000128079068,-0.3149609375623305,1.0436160063237827,-0.35570567187566715,-0.24722312112638123,-0.5270027693579934,0.6637187894339143,-0.895586158113905,0.3542484443246055,2.058735826795472,0.3372854706203183,0.12940400623613327,0.4522791961374858,0.11777618556210769,-0.25643045304120043,-0.34692924286025767,-0.8410720973350515,1.1743978726250868,-0.8897082416783708,0.31373009924468315,1.1489321965806396,-0.14114603121535466,0.1900897901846781,1.8865069508794554,0.19154067532925342,-0.04832117751994199,1.2910944926500676,0.30169815298337055,0.36780030364983607
691,-0.20088811251806485,1.275595133068451,-0.36417422634212926,0.7487574245485591,-0.004459658522993491,-0.5925007473872529,0.29712841495692344,1.775154904577514,0.004955550749275283,-0.0992898594420763,1.3393504347475569,0.32527274861037664,0.35906082507458076,-0.3608745932720385,-0.7168809370312375,-0.31633024299639145,1.0438848058494992,-0.34896167768365544,-0.23527202492886495,-0.5341162824515153,0.6366327661935747,-0.9033199861679533,0.39823171409780406,2.0673217059133515,0.3716375105671047,0.170232252937221,0.46704061497777655,0.12438443630968204,-0.23890041946480867,-0.34708949964573826,-0.8420812610474714,1.178512367384967,-0.8997862855935495,0.35992531525800237,1.152225909356459,-0.22210259814820627,0.2155564410587628,1.8983706981052377,0.18571596894705275,-0.04331640189532622,1.2867403624855627,0.3014620405881854,0.3698212378751407
696,-0.20250054549906638,1.2746373234280015,-0.36165499416482766,0.748299667606901,-8.692771386936476e-05,-0.5956594238785573,0.2919545352407445,1.7864548483839777,0.017498828159230397,-0.10328984987819473,1.345131516715301,0.32497777763963664,0.361894063308809,-0.3746775419005851,-0.7169078779105026,-0.31874079926147886,1.0441334454107865,-0.3494499230501707,-0.2293375886112167,-0.540045534089266,0.6191263159896125,-0.9175727505346846,0.4226955514939694,2.083694346194632,0.3991970297366845,0.19956504241075246,0.4768348259022646,0.13287478984848478,-0.22318989250129018,-0.3472377371723079,-0.8428459324522445,1.168519256573871,-0.9043042676212261,0.39942810477303436,1.1559782398978151,-0.2843453633562353,0.23674042895910383,1.9156469938247165,0.18505071150233812,-0.03861520486051364,1.2888022025513193,0.2951729872789838,0.373753779676379
697,-0.2034757355412912,1.286398239850548,-0.3598345150121023,0.7518605516472482,0.0006029796552495298,-0.5903888582715745,0.2935069732068006,1.8098689633140206,0.03556871835446761,-0.10058620122813172,1.4130418694950782,0.3318093304406922,0.3616958603673046,-0.3730629738451154,-0.7192251704996463,-0.3136947367331404,1.0443634370049772,-0.35062680405893787,-0.23403945219839797,-0.5187568403015482,0.6347099606419997,-0.9104547059044769,0.4003762884097797,2.108809816798885,0.40157618039857906,0.19555212498969268,0.4543059452557479,0.12704075402459394,-0.23326758650434795,-0.3473748568843848,-0.8349523615949492,1.1550841901468831,-0.8807167666407981,0.40322050723604264,1.1586667324086273,-0.3051386414611801,0.24608748054150684,1.9384529630894864,0.19390551732559774,-0.032517226662810296,1.2997636332162772,0.2853539468860389,0.3764006744769295
702,-0.2024401845530395,1.288865047861939,-0.36089146861700755,0.7514534157740891,-0.0002925967117968166,-0.5891205373147258,0.29707687695717216,1.8189042437882723,0.03897633864830981,-0.10262069584816966,1.4315098525286174,0.32992271054867356,0.35995294024588853,-0.37524364784518294,-0.717206386259305,-0.3121288378862964,1.044576179229604,-0.34911638103916925,-0.23557212059362675,-0.5061387986528024,0.6446465314880184,-0.9010999047495388,0.3821869830645685,2.133732248476368,0.3961706674499226,0.1901397624769719,0.44138644542148825,0.12110384013744853,-0.24664370785336096,-0.34750169261805586,-0.8324485723372731,1.1368762340619674,-0.8546014373801407,0.3821620803430647,1.1596221533672615,-0.31046095457470624,0.251926370461424,1.9497045125185961,0.198904210000773,-0.03493520077979467,1.3000141892347146,0.2702205642795442,0.38059769942462807
703,-0.19792141771142677,1.2743773877059994,-0.36613332571337903,0.7438724315807459,-0.004307011854756827,-0.5988310691173173,0.29670963220435254,1.8032043072866666,0.02478772167967333,-0.10426138842931991,1.3476817527602039,0.30870431207844967,0.3591153731852026,-0.38693715295331377,-0.7107179011733862,-0.31817160004482425,1.0447729657873837,-0.34122167938943965,-0.22578592155425564,-0.5178654673207168,0.625536327953088,-0.9062692375368206,0.3931572774026333,2.1474574251947156,0.39383801321381573,0.19556165463640182,0.4529581712839336,0.11911864501209722,-0.2391097440238685,-0.3476190156717017,-0.8442239421109665,1.1063928189917127,-0.8544109019895708,0.35349992431733485,1.147133508570245,-0.30785161896765656,0.22372207178595288,1.925292682885602,0.18842910496162132,-0.0481588793854944,1.275459355723018,0.2648935663263701,0.3847720582985189
705,-0.19304291147110306,1.2670673918482003,-0.3709368915991066,0.7392637127695505,-0.011942441169011423,-0.6041102961496629,0.2973168195159342,1.7918727986041458,0.0272237112449002,-0.09409081343966368,1.301899458790722,0.29429437199717323,0.3574985308446806,-0.3933747096802501,-0.7104479178063224,-0.3237611550414624,1.04495499335333,-0.33652284063849064,-0.2195090961449894,-0.5212025375083748,0.6098716631507536,-0.9107403271670701,0.404051609770524,2.1610165914917907,0.3891907843002633,0.1962884228063055,0.4586588984935677,0.10710218940192877,-0.23452577886204828,-0.347727539496324,-0.8585740940429702,1.0822721148078307,-0.8620286803442906,0.3269874299935347,1.1200873873305957,-0.27097630915262866,0.16244102217658352,1.9058141720258939,0.1795571635787081,-0.057669999912321454,1.2526590492805523,0.262800363666518,0.38629744213631534
706,-0.19093321579659012,1.2702043618434626,-0.3739012421325817,0.7395339392692428,-0.018214961109563402,-0.6011770001488054,0.3022316700029567,1.8096042991415777,0.06418594680721,-0.06624987551465111,1.3561735066060756,0.30009534459305476,0.354899821065531,-0.3971087083783529,-0.7160691739708483,-0.32893149341335276,1.0451233688518304,-0.3447326604602508,-0.21751739986424157,-0.5128206533601056,0.6030322594355748,-0.9083967243867087,0.41729371602704496,2.1699892974897232,0.3929068580626442,0.20050022841835674,0.44920102146893365,0.08393893746606654,-0.23956796996700025,-0.3478279240340998,-0.8708063431157768,1.0784656544604667,-0.866278673421985,0.3024633727440196,1.0867787644657907,-0.18245663501035783,0.11205057036157091,1.9120043081925713,0.17582845157030383,-0.06425459453816569,1.2500209537112241,0.26159845422233824,0.3824008478627348
711,-0.18933739161469398,1.2722723324712506,-0.376674910708272,0.7366281000093272,-0.024537587446962234,-0.604596429563272,0.3020597729560737,1.8215721267348253,0.0882386354738122,-0.03798894751743312,1.3647755439785418,0.2929012415260728,0.353735828939562,-0.4072526357067513,-0.7209785552963074,-0.3337140564073513,1.0452791161879431,-0.346262153171223,-0.2118892536293651,-0.5104858712261794,0.5904529466259241,-0.9093328039667535,0.43111232151909407,2.1749232990916667,0.3960748297866901,0.20504594981253352,0.438844156584146,0.06099731319967074,-0.23787998755519554,-0.3460860692556641,-0.8873712585407679,1.0824388571624834,-0.8824956974272137,0.2797786197882181,1.0474146825663866,-0.0898129010257614,0.053392146856410944,1.9014388777864306,0.16408759466403752,-0.07073233828708941,1.2403662098690886,0.26828983925240923,0.37565345703017594
712,-0.18819110143096185,1.2808444000268364,-0.37493329177335494,0.7304668671701784,-0.029077263742053983,-0.6151476291583645,0.2952389930898411,1.8203484005942487,0.08522460152703835,-0.02409252899118591,1.3126952638208604,0.2751681329350587,0.354108785839985,-0.4206253949814752,-0.7202394987383218,-0.3381379271767999,1.0454231824738474,-0.3308860255180557,-0.21324625336834352,-0.4964965500662926,0.5921108544431831,-0.909327384297785,0.4170174803712187,2.1840891467228674,0.3776550511392115,0.1863074443543991,0.43372813984499536,0.04996634812807789,-0.2338192055438024,-0.3424957154187474,-0.8966422218306345,1.0937625661761823,-0.9006081343314483,0.25879522330410176,1.0179531483202384,-0.05009833397912999,-0.009517114157819882,1.8664716627271538,0.15021037788165903,-0.07661061959001007,1.2129339666746752,0.27978736862885545,0.37127312469767604
716,-0.18882816336820774,1.287262996253487,-0.3722408989576472,0.7256155920217672,-0.029936412324171494,-0.6212483985370496,0.2943403661532148,1.8083676674887004,0.0853254574412284,-0.014988312598153202,1.2767622628375404,0.2679534616381872,0.3532544557662134,-0.430554920407106,-0.7165364389942933,-0.34223000763853995,1.0455564437883087,-0.32004042435363445,-0.22279792869515821,-0.4778591633786508,0.6070143341110087,-0.9024080577254685,0.39565227313161033,2.1881761424783384,0.3447043906234681,0.16174247697433738,0.436003796577429,0.04108013303574353,-0.23295045729666836,-0.3429884867623414,-0.8996114885925524,1.1067148494245218,-0.9103592028483185,0.23938558155629414,0.9924144699008551,-0.03146495623319471,-0.0677081805959834,1.8367853386711925,0.14065303494471335,-0.08708022273731426,1.1832518718441178,0.2853332110880807,0.3669649363471061
717,-0.19071488477955928,1.2787675176429116,-0.3732165127671022,0.7208287704532466,-0.026764719620463884,-0.6220158700939178,0.3046076013854625,1.7659323743334945,0.07883545542659494,-0.025537628924568682,1.2307918035236314,0.27299596663352027,0.34510781201369,-0.4336470837319325,-0.7076977923090803,-0.3460151820656495,1.0456797105041853,-0.3219013576606266,-0.23226803404302132,-0.4766033857379785,0.6185211600147298,-0.8943138813011718,0.38897825865970703,2.1781542064491726,0.3051032491589314,0.15001840074716968,0.44776946070482637,0.028140397222525787,-0.23200070481963908,-0.3434443002551658,-0.8949481135523568,1.0984891738735771,-0.9077206947427804,0.2214316629395721,0.967126571207363,-0.014286554953376697,-0.10975723145467262,1.8119505050792588,0.13416933191939273,-0.10800814229172422,1.1535305060773107,0.2803555254654325,0.36187289362822056
721,-0.19233461707915117,1.2742683373934534,-0.37367061615100466,0.7163131693967919,-0.023756107149809316,-0.6230483645010121,0.31327595856436774,1.7214830438598163,0.06995911408677521,-0.03398476091491331,1.1698679485128092,0.271815530903405,0.3332861147345773,-0.44038804310793467,-0.7008069609851191,-0.34951646841072576,1.0457937322163713,-0.3250934372536907,-0.2410278814897947,-0.47120029948969555,0.6344062889550155,-0.8802919431350067,0.37673020630643933,2.162280810625457,0.25889175713662205,0.13764275469531662,0.4659254788180394,0.025158717040352503,-0.2330537885443628,-0.3438659277360283,-0.8890020037916211,1.0985144170556107,-0.8938049749979845,0.2048242882191042,0.948939212147547,-0.008513957751308476,-0.12826532427107584,1.771730017736069,0.12388395821718148,-0.12606221886518262,1.1183769232036935,0.2807896790257525,0.35589270159331593
722,-0.192761268009889,1.2800862954176875,-0.37388794876305753,0.7145800894495926,-0.022108000771060118,-0.6231951787262895,0.3170399048643987,1.7094892595102502,0.08173560642433325,-0.02329130556423968,1.1421411364106817,0.2617281869820822,0.3231575486113591,-0.46021589733836094,-0.7024254517189927,-0.3527551582799213,1.0458992023001432,-0.33461701146635897,-0.2491307403780601,-0.45467341539851347,0.6576094369284022,-0.8542630748766276,0.3633021024066018,2.1426208596249974,0.22169574817610754,0.12930557228079398,0.48463431468467644,0.03596869236053182,-0.23682448701756126,-0.34425593315582614,-0.883582590264656,1.1194415560463675,-0.8737894686241622,0.18946246660267138,0.9323989425623576,0.005530133501002805,-0.1243880478051473,1.72287291141232,0.10565934903449309,-0.13453249032050088,1.0814872527106063,0.29478140730023694,0.3464757912388996
726,-0.19377918009071046,1.2794672224915347,-0.37254947035562863,0.7123348327101489,-0.01592676844147335,-0.6240066732541163,0.32084434838274234,1.6935885253924012,0.09845284575662218,-0.01527814466503198,1.1256867127595316,0.2603031743151285,0.31459078365331583,-0.4806551360562964,-0.7034565161623318,-0.3557509464089272,1.0459967621276325,-0.3416139418658887,-0.25662588484970555,-0.4381274482157102,0.6744516471379002,-0.8290693175608705,0.3579892932284297,2.117146036471595,0.18164736372800697,0.12295595620733034,0.5059118390268924,0.06133243548587977,-0.24009202644196492,-0.3446166881691392,-0.8713280935700104,1.1290930759753863,-0.843567670412503,0.1785355631569821,0.9148583292209351,0.03780232245355292,-0.09721247316323452,1.6876278184631859,0.08886704523232408,-0.14581274293962604,1.0525708193579424,0.30946218457120384,0.33494139073844537
727,-0.19637469238332178,1.2751907766174682,-0.36561264718926817,0.7084627440163654,-0.005139672848194536,-0.6295338657695252,0.3189690203657603,1.671722959869728,0.11794216262340967,-0.010323834650873612,1.1168578699588387,0.2727522393696171,0.31394071974292,-0.4966798788281538,-0.7043440575886406,-0.35852205042825763,1.0460870049680602,-0.33818567927017146,-0.2635588934859776,-0.41701474611822437,0.6756236017839351,-0.8268663594947295,0.3564082101305614,2.097667321438691,0.1320699469705059,0.10676765946206351,0.524860162432066,0.10302630160210587,-0.23697682840205603,-0.34495038655645377,-0.8670682085175795,1.1176265074402676,-0.8317331985812221,0.22350771795111338,0.905968863676858,0.06027087094047268,-0.07586245843291259,1.676712267471336,0.07871058011495544,-0.158309876310689,1.0460003669465638,0.32298888094362016,0.32730656369951533
730,-0.19805585073211687,1.275868237835655,-0.3625496126325364,0.705158354293441,-0.0004939455730246286,-0.6333854682346097,0.31870723245191823,1.6604877083376126,0.14133854054840495,0.0009593987238241484,1.1092736474680582,0.2763130813324863,0.31643262765397,-0.5113029058132506,-0.7063534950281611,-0.3610853216461383,1.0461704795954558,-0.33850883032309204,-0.2699719264745293,-0.4025147875691963,0.6810617927634928,-0.8203585896364356,0.35593660461648646,2.0783048803684046,0.09106312381112089,0.09318417326479085,0.5396598419448019,0.13444499336383453,-0.232792220494586,-0.3452590575647198,-0.8777628453291799,1.1123816365371841,-0.8325374118351244,0.2623961061153501,0.9012332961263585,0.08069786319400479,-0.05631209274842285,1.655451703161419,0.06035963719616959,-0.1683483236349057,1.029739779167957,0.3362614373355924,0.3182250415983745
731,-0.19785342320177937,1.2780871909268865,-0.3686383681947571,0.7027949315463643,-0.006653304165619943,-0.6311226295272983,0.3282061002403361,1.6432576508006749,0.14785872861548366,0.010288037084547712,1.075093922268656,0.26468075078170294,0.3127522621610278,-0.5158452965165657,-0.7055079704440571,-0.3634563475226779,1.0452457469196845,-0.3441707556549814,-0.2759039819889395,-0.41088822034527744,0.7012216311988909,-0.7904264813798373,0.35637631312908835,2.0559759057788445,0.08039317606356605,0.09505754176246431,0.5487878640021351,0.12811533000730924,-0.2370655442238254,-0.34554457824736584,-0.9001415309882831,1.1151214494757489,-0.8280750284985267,0.24271639815669882,0.8976618006619882,0.09208772483843523,-0.05082508203573823,1.6088092825579035,0.03166541921843289,-0.1772799081149687,0.9826995817579746,0.3416698570058266,0.30340117250534504
735,-0.19792089002217053,1.276396533997405,-0.3708623237507547,0.6995378039946997,-0.01013815815890029,-0.6308329090182342,0.3355501742377891,1.6263049960143672,0.1541315960057228,0.020108567688724648,1.0572472339902972,0.2639773948864817,0.3078010342379926,-0.5122875967868336,-0.7003555703491295,-0.365649546458477,1.045392315900708,-0.3421388321918038,-0.2813911333397691,-0.413364605014376,0.7163294386511816,-0.7615513332306522,0.3505937479972493,2.030102889560229,0.07274740983003496,0.09445894173274036,0.5588529893787726,0.11950720070411165,-0.24229386058351368,-0.34580868487881344,-0.9085605112084867,1.1121491910510448,-0.8221363410503213,0.22451266829494637,0.8943692321261879,0.09650202240815782,-0.052605524934151986,1.5801899186102357,0.0127051032520768,-0.18631190642672132,0.9587692264815713,0.3457524871036448,0.2851086966384737
736,-0.19840759575924152,1.2713632733031013,-0.36709405762771596,0.6986031124256692,-0.00385873146671291,-0.6337756706736862,0.33206505501596323,1.6391789183014471,0.16240245099256717,0.02617622471158132,1.0845978538190026,0.2786535335174266,0.3083114877884863,-0.5133988489218754,-0.6966429131437889,-0.3676782554740913,1.0455278922081546,-0.33562573827654135,-0.28646674833928637,-0.3966322189171287,0.7193962451719649,-0.7540222810894048,0.3381741290630787,2.0110381268525668,0.055284902336330086,0.08286113011670967,0.5668283981839687,0.1292462419375978,-0.23981622881275796,-0.34605298351290237,-0.8879014864506531,1.1071631892262437,-0.8142052825376691,0.2129229680816599,0.8925690460913476,0.10289142103109056,-0.04349713344385086,1.6041477317639823,0.019376640095490595,-0.19046401113577544,0.9913693196348107,0.3501083301372133,0.2756044739687122
740,-0.19783936580748776,1.2711631198106177,-0.36687417880358714,0.6990174532937857,-0.0032874937132148143,-0.6343029265336836,0.33018720412299435,1.6489921755436974,0.16283227405223458,0.030216432673850876,1.1007643930479327,0.28364881159263194,0.30932878596233315,-0.5098023722057287,-0.6947308174952019,-0.3695548113135345,1.045653300292543,-0.33518935114946824,-0.29116169221383986,-0.3892461827896106,0.7238157149562942,-0.73749829575749,0.33436676981355273,1.9908044536980851,0.04875620007711268,0.07755519311044147,0.5687433363290255,0.11644849945553513,-0.2341593204478223,-0.3462789597494346,-0.8665321300015083,1.1110704398909947,-0.7997703673588022,0.19695374547553537,0.8939150033789772,0.09274297265752185,-0.04867071186470804,1.618482615911619,0.02136816470810765,-0.19066763413870685,1.0089649470388187,0.3515233452833135,0.2680708195588177
741,-0.1960793738317337,1.2794241622375961,-0.3683800170367799,0.6978136968029794,-0.012468916417300266,-0.6345278229296214,0.3320768173265529,1.6362286210638157,0.16845125989877854,0.038965237044531593,1.0993433850500964,0.28125683537696067,0.31126558977672375,-0.49538953143805414,-0.6905968907982194,-0.37129062546501945,1.0457693027706023,-0.3322404316281088,-0.2955045152978019,-0.38842574499150156,0.7287038586238848,-0.7009043294060397,0.3497191251157208,1.9690165897852578,0.05893860453101661,0.08447714453390556,0.5739616629841455,0.0764442318053215,-0.22964950580489565,-0.346487987768227,-0.8367092136007003,1.1317083610603187,-0.7677266137782126,0.18218221456487022,0.8996537259539371,0.07388131523804342,-0.06867108125515022,1.5954713988757736,0.0020658751639359065,-0.18898378539704208,0.9868440655380429,0.3608461091492321,0.25455440673649604
746,-0.19469796903939643,1.2864808740072298,-0.36698094292708267,0.6950598003889359,-0.01499760909405648,-0.6362138485073925,0.3345129064358609,1.6278637447574213,0.1786656314078124,0.046356683363908524,1.0983646092737058,0.285516268825161,0.31264214502398874,-0.49373327424295244,-0.6870235304157222,-0.37289625355514305,1.0458766050628072,-0.33188595498276496,-0.2995216266504668,-0.3786109004916766,0.7337236396367874,-0.6709861988178702,0.36187020315486684,1.9480475813606577,0.06637538690082677,0.08781627349716437,0.588257317107952,0.07029850606953253,-0.23007667059460327,-0.34668133868560996,-0.7999227473479993,1.148837306999366,-0.7304530211954037,0.18570895663000422,0.9033922494505509,0.07154168041790111,-0.06229453876937182,1.5812357470104572,-0.009088834759795062,-0.1893137305352039,0.9739669375151713,0.36854612161126366,0.2415759698948498
747,-0.1941263906621428,1.2914876425026414,-0.36495524874331975,0.6916715755932141,-0.009280624049198927,-0.6361564849310362,0.34177365055522674,1.621326134926913,0.18331079302278272,0.04514713555111115,1.0744654404928236,0.2926205073921529,0.30716548295885127,-0.515608128674731,-0.6917496281483616,-0.3743814595385073,1.0459758596830966,-0.35022695641833623,-0.3032374546516817,-0.36617957157454895,0.7429273071201659,-0.6620373928358391,0.361229990052742,1.9344562604247642,0.06837586448077078,0.085016905515972,0.608777653200638,0.1229729476921036,-0.2351862273241174,-0.3468601882841892,-0.796259862241119,1.1489922368369234,-0.7251715861313666,0.2502472909034849,0.901517150243063,0.085965137096257,-0.018636832304092348,1.5751074942899714,-0.004293569265572135,-0.1934250702307428,0.9695826590477915,0.36345242434267416,0.23564737953175424
750,-0.1908828510439858,1.2959871208919935,-0.36741763387339593,0.6882162290781237,-0.005662874269729805,-0.6345646130975461,0.3516448573388418,1.606848756853617,0.1856163387663792,0.04469580365377771,1.053695837903329,0.3027021190752003,0.2979867757674832,-0.5341773635748139,-0.696374138825952,-0.37575527507311923,1.0456597615912917,-0.37528827422120803,-0.30667459555280563,-0.35574427538221703,0.7520073357792949,-0.6482248626457051,0.36050615120412377,1.9233274344149012,0.07307135591220261,0.08549533596456829,0.6183374471019338,0.16330798765200952,-0.23251961601354465,-0.34702562416287497,-0.81168273294765,1.1386520448861452,-0.7309964812230041,0.2915680026646693,0.9049379732017226,0.0980431348616587,0.03336505520335491,1.5741330558870563,-0.005134441413774437,-0.20105177694484158,0.957995322787578,0.35324352791219255,0.22968658235929731
751,-0.18394005801382976,1.294191456959951,-0.3763308125069213,0.6832853334859523,-0.01163576193774829,-0.6307004540667295,0.3676991967996941,1.5763138897140763,0.19325641012444078,0.046848231039834584,1.0730544468974577,0.3264482172575016,0.2906700372274333,-0.5174929444321013,-0.6944656450634008,-0.3770260544426353,1.0457752794719448,-0.4003819043224741,-0.30956638183842783,-0.35638495634200396,0.7560378717221176,-0.6293426066884684,0.3592852095698167,1.9125684334105124,0.07689379426112194,0.09091002577170375,0.6009548792148245,0.16124815250123817,-0.21748169475001208,-0.3471786523506593,-0.8451228746198887,1.1090573523581566,-0.743198200414386,0.2697004024648192,0.9122146208318994,0.07255283055933222,0.035362126634038794,1.5852652604078652,-0.016276487576864798,-0.21414367188427083,0.957883189892296,0.33829730831233606,0.2231893577453239
755,-0.17560622077489005,1.3167794624974443,-0.38253403557688703,0.6770492120273194,-0.019414330980042388,-0.6301218114454119,0.3797024505932719,1.5733368389661415,0.19228069736968553,0.0395566837944484,1.0920991462098415,0.3429395564663501,0.28299880826104296,-0.5151981055987982,-0.6983856538848805,-0.37820152535943774,1.0458821335115487,-0.4136752129910397,-0.3089243854773881,-0.33432237992559233,0.757301954381676,-0.5939427681524105,0.3632990034506619,1.9055109470634317,0.08866125508641753,0.09059049522844764,0.5811607873882746,0.17299265053204502,-0.21048766118743603,-0.3473202034243599,-0.8527025300120168,1.1106772004048664,-0.7419603195499016,0.24947287227995776,0.918869456454815,0.07968759018920141,0.05571306212098809,1.6074361441528509,-0.000744908873474749,-0.2301259674348449,0.9615776966249447,0.29799532478758606,0.22653252306924446
756,-0.1658458570583313,1.3903392910429397,-0.38399446380049534,0.6720329620840737,-0.032144327275350465,-0.6368292844010273,0.376546016611246,1.6305913166449901,0.17126155806919188,0.017341410019210392,1.1083853936729655,0.32995867033101983,0.2773226267265838,-0.5329828640674774,-0.6908808745232635,-0.3792888359574799,1.0186549029556107,-0.40466597703109813,-0.3119348689607574,-0.2836309958462065,0.759537693868656,-0.5417713909424433,0.3804144192290601,1.9045280437135488,0.11080083777158553,0.08361930623383303,0.5744724986468985,0.19297256287944972,-0.2079101149205409,-0.3474511381675329,-0.821963036522266,1.16345366665403,-0.7276811625153048,0.32358834490858046,0.9244171911002375,0.12660843127887897,0.0902207716055437,1.6490711201966324,0.05819224686591573,-0.24039302973611157,0.9698100674391563,0.2311531569069363,0.2424129090395145
760,-0.1537261918945525,1.4581872694458102,-0.3911709388577775,0.6724237747252036,-0.04391017904620905,-0.64054086256372,0.36827376603087525,1.6801456270975632,0.14454152517510735,-0.00374895461059327,1.1183627602983444,0.29841912638963825,0.27097381982335045,-0.5467970632644503,-0.6897056861321893,-0.37802853421465604,0.9861354519393045,-0.40228005363286384,-0.3147197037887006,-0.2467435363712065,0.7595216113381861,-0.4854536228145984,0.3975892285259612,1.8941380423824619,0.12072665780510118,0.07720398213002959,0.5622256356494462,0.18924550809876625,-0.19487342136072752,-0.3475722528049679,-0.800298249495664,1.2068254098151874,-0.7132345103529081,0.3829136692334308,0.932274977893695,0.16635614617933836,0.12848810656322654,1.69768169213569,0.11540294785762192,-0.2529140658918372,0.9760676616397251,0.1533570490442575,0.26784447838153375
761,-0.14232415013680888,1.4915225344932483,-0.4010667126474095,0.6686166134273628,-0.05173001053141027,-0.643422534832908,0.36916564294167475,1.6608654679446317,0.1446610308284141,0.01631332490966858,1.0868626200087566,0.282367831253077,0.26821948381319477,-0.553037037397038,-0.6968826096722752,-0.36932201709440426,0.969815988230049,-0.4133799220232699,-0.317295676004548,-0.26072249062995295,0.7487280957030683,-0.4819104525039099,0.42531714794811953,1.8531241586396547,0.0802220522413257,0.09416719856518813,0.5710195887428472,0.17275720032584932,-0.16972807052299008,-0.3454303193409995,-0.8023700279235314,1.2107584086977567,-0.7402800168935056,0.42018169836869784,0.9451639695541965,0.1516458148107503,0.175568741867974,1.6883046361278342,0.11227906342842554,-0.2797206567876122,0.9600727740810131,0.12755028149417028,0.29472454366113815
764,-0.13570556450914045,1.5350592964490566,-0.4038193491006181,0.6627898053023354,-0.05999720641674285,-0.6471669594510532,0.37186682536138876,1.6304872807492103,0.14587320464047793,0.03579944536902542,1.046487188656911,0.26993765144863485,0.2701521719611123,-0.5608560140757669,-0.7035212639468547,-0.35771713738309235,0.962409799286021,-0.41860749927111846,-0.31537772766306627,-0.29625067821512435,0.7416070126007801,-0.5280436444178933,0.4748138421773682,1.8125681925689678,0.016466057031273344,0.11281352238790257,0.5924232291876471,0.16112329614746765,-0.15049895193445814,-0.33359922203835113,-0.7965704263564685,1.2057495837558805,-0.7952467431944233,0.4877626416615027,0.9480409616265723,0.11209043993837217,0.22130593622787598,1.6587185872893413,0.1017891324242803,-0.29474723081688103,0.9366148604696859,0.12183223689911228,0.31688268828653454
765,-0.13578505501129148,1.582226515605331,-0.3974181673529529,0.6600774967441965,-0.06143286496256637,-0.6476962805620435,0.3755172826122667,1.6000487189476145,0.12698371273924922,0.03473113014222637,1.0199923193300666,0.25771232980089637,0.2748539481468841,-0.5733332331914179,-0.7075573958351979,-0.3364118646486537,0.9608671271237056,-0.42540973234221285,-0.29170338109293636,-0.36475519174618876,0.737404955428121,-0.6015081084795839,0.5495641479903411,1.7765332059759473,-0.08077276727921961,0.11302514227791055,0.6113998776634152,0.16652194754691893,-0.140657302323875,-0.28432775676831507,-0.7659589404669137,1.1601162762601607,-0.8534132374548414,0.5576815317326644,0.9281744587207152,0.048294087210648776,0.26361284101078525,1.638669251325481,0.10177116184353711,-0.2881739296896856,0.9109698998155951,0.10412457187388578,0.33766956343893506
769,-0.13606138864871986,1.611736373971313,-0.3894824117657179,0.6573920594898162,-0.062324455058062826,-0.6512594134679546,0.373915122442018,1.5754549313001764,0.12029690373722701,0.040836968041465325,1.0051656095375936,0.25715416241698263,0.2871792811534546,-0.5757414439867875,-0.7133954411475582,-0.32058863664161796,0.959411942679674,-0.43602278067146144,-0.2770051879915241,-0.44639214029692076,0.6923335189500719,-0.674205000343615,0.6567648578441849,1.737066978612318,-0.17935717138527282,0.13260054502130783,0.6322371901670778,0.1744766867847668,-0.12180624795495182,-0.25309687449353513,-0.7389569110099519,1.0881579212807613,-0.9072172446457283,0.7032992413033126,0.9082287444818193,-0.02695641799233748,0.3027467279349763,1.6277345956051206,0.07741094506835021,-0.28375139589084014,0.9105343775876187,0.10806923519190965,0.3578680677943282
770,-0.13155798883134104,1.6368138689699177,-0.3781278262756499,0.6546817813169227,-0.06679268486833993,-0.6615901745460505,0.35948427420946505,1.6087760449136417,0.12489352364541287,0.04640667909118042,1.031513265823059,0.2604591820545923,0.30146144711112977,-0.5680999445037256,-0.7182701645491709,-0.32456819495800915,0.9504075437609929,-0.4121651202296385,-0.28225005121337093,-0.4533967704872143,0.6348570253129718,-0.6056974914734163,0.7530088511097168,1.7370278714122316,-0.11025174069318561,0.18156035414470972,0.6460326333197671,0.205187393732416,-0.11554331462941,-0.26029455890652003,-0.7007520924938248,1.0466113948987483,-0.8576227415709445,0.8469011732305642,0.9476257471232836,0.022800356005241412,0.33894557333985315,1.655655359144693,0.050686679328981486,-0.2995328929257493,0.964782941319874,0.11799488671232525,0.36968424394494215
773,-0.12480273502685325,1.650051747909152,-0.35952085607453443,0.6542768701429064,-0.07139880749892065,-0.6681710297561997,0.3469459071357869,1.6336989347020812,0.1139500462367854,0.042787002694030726,1.0464975759126398,0.2656005104954408,0.3080053301883767,-0.5756496398293809,-0.7164511809016669,-0.32967800533615843,0.9312413622142313,-0.3731468516251994,-0.28617177980846253,-0.4046763985271048,0.5557066490245914,-0.4398269814695231,0.8874310658087087,1.7575688304337598,-0.032795133223517,0.22684817758385648,0.6905634403630591,0.2519891102311842,-0.12809444030239356,-0.26695241698853106,-0.6488414301654701,0.9892813613568261,-0.689937054255802,0.979732960263272,0.9948748694814792,0.1389003293048483,0.37242950533936414,1.6622125517720618,0.042500005377019597,-0.30622154389545325,0.987893133192814,0.12927167707297674,0.3726411869429917
774,-0.11722026445225965,1.6380218811665226,-0.34425817085904326,0.6522642747724552,-0.08298852908360933,-0.6666571634061795,0.35104479254837007,1.6265726918159473,0.1040758737352869,0.043141213457372145,1.0565749250059708,0.2748010767584734,0.3105026336998856,-0.5913807668421774,-0.7087617329951243,-0.3344045799359465,0.9102946326040199,-0.29907837350096717,-0.29088884632282785,-0.2637961361492385,0.4354886503477471,-0.17529049189504686,1.0172231108980556,1.7833286514959923,0.0529979571381377,0.26873941426506726,0.7280520948847429,0.28707138302566704,-0.14499958647447966,-0.27311093571439127,-0.5956850163918855,0.8807969660588991,-0.40902102453215144,1.1026023632685267,1.0445621575751018,0.24629280460698466,0.4034021424389118,1.6243166002051086,0.046772243510722324,-0.29714164360939815,0.9900413580108784,0.14745893346747593,0.37110099446022293
776,-0.11592058679190008,1.6347170370050408,-0.34341100140661013,0.6517298126985953,-0.09460332704696968,-0.6665287066050084,0.34933929785088946,1.6296555156974224,0.10606847669270954,0.04774141067106464,1.0723597940126894,0.2900833286566203,0.31364887541733527,-0.6059320593290141,-0.7082460674333683,-0.3387766614407505,0.9001112170174332,-0.22609474434291188,-0.2952521328486158,-0.16719266983515985,0.324287001571666,0.07347554499708164,1.1372807526057014,1.8156002334739874,0.16683311035277737,0.3074888081951872,0.7621929371578026,0.31958171942988794,-0.16397860843085327,-0.27880756553581193,-0.4806810293181394,0.755369433989649,-0.14272519769224012,1.2162565610483869,1.1052506515393403,0.34563084426146073,0.43205183175599343,1.5975857219935763,0.046085874345334434,-0.2916081756513903,0.9932435747563392,0.17340448805001168,0.3678976414033933
781,-0.1187858513923675,1.6732431686467877,-0.3487226737459885,0.6539891050286369,-0.09856391978747282,-0.6737988175395423,0.3295126062873554,1.6423410835160224,0.11929091221952595,0.037150875078767506,1.0690164793205292,0.29577860371128295,0.3210066814570674,-0.6172690144435083,-0.6894469705800574,-0.3428208368326942,0.8754073025194975,-0.22114399751108899,-0.25267182969433605,-0.12377131723655785,0.34870553996095416,0.3035841291223005,1.248334071185274,1.8219905560422571,0.2603360837808884,0.34333199758054816,0.8155283409594167,0.3441028264987571,-0.17955239691758798,-0.27595685872646203,-0.35583713274376955,0.8025734642332965,0.08150561181149084,1.321386693994758,1.1434274457028817,0.43751853094185117,0.4585527943742939,1.6020588973247305,0.03529682684797056,-0.28639953471418633,0.9620540986617586,0.19811816844989516,0.3661307328016
782,-0.12184690980647604,1.6988197799834661,-0.3587487156184237,0.6560184319938003,-0.09378140378067376,-0.6773760620678715,0.3193846203666431,1.650903438168102,0.14031874242257308,0.015723913354420672,1.05744375896717,0.2909381651579749,0.3299812120590162,-0.6298786883602453,-0.665271390832534,-0.3465616990702421,0.8489434146629286,-0.22886758525549974,-0.16711932077958272,-0.0554600353151764,0.3728006669021804,0.47807034541341914,1.3510583908713782,1.7828609853333341,0.31875529387834894,0.3764869477620071,0.841269249391229,0.3440300370919893,-0.18185247325027035,-0.22117516207454196,-0.2562502524215735,0.8163844577080274,0.22838897234662348,1.4186320669701513,1.1529148560062672,0.5225146411212124,0.4830661847962218,1.5927035216091994,0.01794420410509123,-0.27610864064698143,0.9240079735191058,0.21111295284884082,0.3661528151702573
784,-0.12767806906974774,1.6991478342151283,-0.36921954194663026,0.6492254070356405,-0.08867113273611503,-0.6872398968204172,0.3136002635473437,1.7181146538505467,0.17005097635345268,0.006069205828101986,1.0848472842705796,0.29329653409006656,0.34245515133986215,-0.641542636733227,-0.6618186202768449,-0.35002199663997396,0.8638126585632089,-0.23388003228328647,-0.1660337112998679,0.038735864434812445,0.4366292119651279,0.5849357947407033,1.4460783865810252,1.729675649794661,0.3324413648580011,0.4071552766798565,0.8128838894635088,0.3274247929408584,-0.1792701490157445,-0.18897034894869713,-0.13257837143208664,0.8130710347214545,0.3897193383974091,1.5085840369723897,1.1563440194905144,0.6011360430371215,0.5057410709365052,1.6313703264983113,-0.006167416291462235,-0.272888960700456,0.9255641362295951,0.23031221090184106,0.36277137566839407
785,-0.13034751261397384,1.6946501874334192,-0.3815916252892675,0.6372731483469182,-0.09772042668875862,-0.6955237968042065,0.31714397469104555,1.7575108363803633,0.18460092365184022,0.009908484632214788,1.115185236992689,0.2870200869447276,0.3522835111295537,-0.6412523337004967,-0.6536991522780368,-0.3532227718919759,0.8775667091709682,-0.2680556261799863,-0.15754406484020225,0.06274553474337817,0.5261697420840393,0.5179322632407549,1.5339718826124484,1.6791403318582647,0.3116829508431619,0.4355234809288673,0.7797728340113627,0.280727363042307,-0.15938785016874019,-0.12117693148016993,-0.0854935295624257,0.8137110179541447,0.4093340154464445,1.5917896092244603,1.1171434113332621,0.6738608398093374,0.5267153406162675,1.6825807580935175,0.002624349517760377,-0.2801009892425234,0.9489064560191705,0.21790960723543906,0.3633768022719707
788,-0.12967822463833212,1.6948623827970106,-0.3931469656268229,0.6296539903240137,-0.10782108249349016,-0.6980585417957459,0.32345747613090625,1.7548427895092653,0.18776394507859115,0.01577611210102263,1.1234829956155017,0.27811263231393946,0.3586409097567127,-0.6473850456692949,-0.6499250303584053,-0.3561834890000777,0.8876785390923876,-0.2879929519081816,-0.1587192749389733,0.13108019963494894,0.5537733654322806,0.42182498538689744,1.615273366441515,1.614803306853857,0.2861651394305288,0.4617640698592023,0.7639979867646741,0.2379368389868298,-0.14358899990818552,-0.09135314004557116,-0.008660126050145493,0.822489994067809,0.34240694774838565,1.6687547635576259,1.058442477175955,0.7411312768236372,0.5461165400700473,1.6953044623162867,0.013973368604368097,-0.27999029746435683,0.9542677907503255,0.19641861554367193,0.3664308355411559
789,-0.1308752337570787,1.6999554400112706,-0.40174353102275373,0.628600481338248,-0.108079244843179,-0.6982512267416542,0.32500082469007074,1.7536539744412964,0.1816454475649158,0.02814540944307443,1.1250926924345395,0.27143397977584444,0.36007193561252016,-0.65692720901063,-0.6565826064192417,-0.3589221523250718,0.8996426486604585,-0.2738319804991489,-0.17165465913035902,0.2764461363407213,0.5306729743801274,0.3483194157130641,1.6904772389834013,1.5463718266333855,0.24926915095346625,0.4860366146197622,0.73934614957609,0.20948275343164777,-0.14258570680260094,-0.10551793799883989,0.14626277405132168,0.8291122001828641,0.2115373323353004,1.7133148038454824,1.0069182602349096,0.7377534447952795,0.5640626495647937,1.706892877793867,0.001287485554966494,-0.26489388410840475,0.9706268744127283,0.1895173521154091,0.36727915721195253
793,-0.1316174698570231,1.7018104095048383,-0.4089533294267663,0.6279063853002875,-0.11118303308619754,-0.6965345836461089,0.3289551310404233,1.7359855001016913,0.17711993692428743,0.038516044691581014,1.1029441471070107,0.25226950984634183,0.3579046189716217,-0.6665625183348327,-0.6654088633582433,-0.36145541590069147,0.9107094500109242,-0.30724032961177494,-0.18095881434761177,0.3386816095902861,0.5776776426010832,0.20438545953458426,1.7600408210846463,1.471050733873764,0.19303439497223246,0.50848871852328,0.7382877966466149,0.16509269263338502,-0.12586573794032666,-0.12052047999568508,0.2565721722972121,0.8422122467011613,0.07786203241015285,1.707916034904193,0.9125082618166074,0.7110947830418094,0.5806628008474343,1.7037597066210715,-0.007417810296711513,-0.24860681652313232,0.9687794444672491,0.1743382047260747,0.37064878506387383
794,-0.12844446385158312,1.7053706512550373,-0.4184125853164857,0.6271349863103562,-0.12566039794357198,-0.6929767374886274,0.33270770149455553,1.714000671570935,0.18518476719152893,0.03273931036124187,1.0707545224597006,0.22325455256466475,0.35647625711631853,-0.6754751794597202,-0.6706383328326333,-0.350086373419592,0.9153764145499035,-0.36273730489089173,-0.18205967412826551,0.2698654005318883,0.7240906964044657,0.07124655006949046,1.824387134528298,1.4013295768443568,0.1253169990451418,0.5292569146340339,0.7675613778002323,0.12043350546906433,-0.09619114327247913,-0.1376613939960087,0.2366796790291014,0.9117726991680699,-0.04578762002060861,1.7741340685702425,0.8178901921803619,0.7038670241372653,0.5960179407838767,1.6734809414937255,-0.004942630036853254,-0.2374667167787489,0.9468895227527234,0.15411671403159763,0.3754075323736931
798,-0.12593018634065442,1.707314174460584,-0.4216664798407672,0.6281659041680614,-0.12706581832004224,-0.6887822014441223,0.33888191694035297,1.7051941267721766,0.18555441878832304,0.022634728410558073,1.0668400997600813,0.20685945910274506,0.35557477415743227,-0.6837193910002413,-0.6791992377778123,-0.34322442103723927,0.9251832648066312,-0.41407200702407476,-0.19458514856864562,0.18719137553841875,0.8159341371643684,-0.051906941185721304,1.8839074744636755,1.3400328103944048,0.05050276457511071,0.5484674960364814,0.7955200639142032,0.08345240664034971,-0.06934188795413757,-0.15351673944630803,0.2327795808853171,0.9458303068350881,-0.16016354851906298,1.8011393032862835,0.7303684777668349,0.6875418463576992,0.610221445225086,1.6547192830148783,-0.0041384759765689064,-0.23255724651955945,0.935684867724092,0.14024548717450397,0.3793075972901976
799,-0.12704947151826854,1.7027049348787318,-0.4158292844815623,0.6312337142666604,-0.10865401587861846,-0.6857623746205852,0.34564182090901724,1.7394679665078963,0.16544690733536305,0.009676008100621853,1.1455134321007874,0.2308299099051619,0.3566072406774962,-0.6876937750368245,-0.6871641449444765,-0.3469350144594463,0.9343345199461338,-0.46147706141875167,-0.2061712124259972,0.131190686149092,0.7938225120727642,-0.1658239205967922,1.9389637889038998,1.2813175373552879,-0.045280618336390424,0.5662372838337452,0.7984629639035541,0.06755393141100018,-0.050912515117905156,-0.16818293398783493,0.21262987189335705,0.8982621085362317,-0.2659612823801332,1.8112962677524707,0.6494108919343223,0.6906258786261136,0.6233596868332045,1.69083707017627,0.01160439875187753,-0.23750305223878818,0.9568810699563945,0.1345460915369325,0.38294028920298984
802,-0.12704754429989668,1.7014740486267095,-0.41581730877419604,0.6337403516622628,-0.09810317803076828,-0.6826724001525014,0.35029605650831674,1.7831907139432,0.15018241626031048,0.005369545341940243,1.2222264150002027,0.25526363443328887,0.3592773149849991,-0.6848795876851289,-0.6945316840736407,-0.3503673133749879,0.9427994309501737,-0.5030666980171875,-0.2168883214940474,0.06409744421233365,0.7642130607133611,-0.27119712655203276,1.989890879761107,1.2436393675227755,-0.1408832166392766,0.5826743375462143,0.7759105929081802,0.06410688310377619,-0.04103848528852608,-0.18174916393874732,0.15821481653938468,0.8675548022827585,-0.36382418620162327,1.8532966657270304,0.5745251250392482,0.7250342569685598,0.6355125603207141,1.7300396776651876,0.03412198569056815,-0.2509803692170499,0.9848627654491164,0.12967559022478675,0.38740920085263114
803,-0.1259518191718467,1.697809227357008,-0.4200217800485854,0.6353505034838012,-0.09487195524786601,-0.6794134290904805,0.3545792467162198,1.7831070746990483,0.14820251584176883,0.026661487591330968,1.1906665413689497,0.2386188100038258,0.3606010456804076,-0.6872064488384543,-0.7013466577681177,-0.3535421898718638,0.9481380779778721,-0.5316720001672359,-0.22680164738199385,0.021070935433026614,0.7536920057917652,-0.3686673420606303,2.0369984388040234,1.2187888682314016,-0.2476633947921688,0.5978786122302484,0.7580482932983682,0.05675829744639907,-0.036486499104885724,-0.1942979266433413,0.12602183675774212,0.878177343990385,-0.4543473722365015,1.8703216508017362,0.5052557906613045,0.7312510950099541,0.6467539682966607,1.7237586685279438,0.03825604244299767,-0.2753893314964162,0.96721097765873,0.1204068155815202,0.39254804314947117
806,-0.12676604631905347,1.6916706826723662,-0.4201125160615525,0.635864100251743,-0.09353151308303864,-0.6784823233704653,0.35579550158096956,1.7660412415239002,0.1433430410381615,0.05183379017354599,1.14554818260229,0.21868895587618867,0.3617831354249329,-0.6765272879684964,-0.7076505084355089,-0.356478950631474,0.9551880641477511,-0.5387942428241326,-0.23597147382834427,-0.0018669540073433018,0.7321430397571631,-0.458827291406083,2.0805729309187213,1.2286445390056246,-0.3447462496530138,0.6119425663129798,0.7201459969785569,0.06264859630692181,-0.04252492317692676,-0.2059055321450907,0.08271856176429622,0.8843678359672729,-0.5380813193187639,1.890416551431986,0.44118344498620826,0.7364873943490595,0.6571522706744111,1.7116491633581459,0.04003979622315205,-0.29930234623415297,0.9473168597575168,0.11468378940553482,0.3966986323435623
807,-0.12706494676154542,1.6864606891746075,-0.418916798691519,0.6374652290370106,-0.09415697078330831,-0.6785959818321128,0.35253374315519587,1.7546844157488306,0.13789901208977717,0.059210948335898045,1.1152669176816352,0.20548035792535518,0.36160431058685516,-0.6624502574168842,-0.7134815703028459,-0.3591954543341134,0.9620889593366697,-0.5481009060512343,-0.24445356329121842,-0.0454886552683612,0.7144971379871355,-0.5422252445506267,2.1116918636719593,1.259280765904089,-0.42420002358447584,0.6249517238395065,0.6802152962352557,0.07093008963480897,-0.041067044311368144,-0.21664256723420888,0.04196884381262367,0.887909978377563,-0.6155352203698565,1.9168789112689526,0.4013296184983489,0.7522726396922106,0.6667707003738302,1.6991701203024472,0.049468722595458293,-0.30220341437750425,0.9553010656964775,0.12059914493721947,0.3988898844200083
810,-0.1283061033287195,1.6789473974400488,-0.418873679392225,0.6389538029035792,-0.09592508760429345,-0.6775840145733297,0.3513065876379954,1.7332711563573682,0.142714781965909,0.0680158671162973,1.067760441171154,0.1870388098199332,0.35996185157791893,-0.6533816867766639,-0.7188753025301324,-0.3617082202590549,0.9684722873864193,-0.5494053777344936,-0.25229949604437707,-0.08005105374610318,0.7109458920575267,-0.6193683512093298,2.1167380858701104,1.3062474356448484,-0.4885293470977422,0.6369851945515435,0.6519874014381231,0.0714099836625001,-0.03487619607404517,-0.22657432469164324,0.009221749137662013,0.9057795651183855,-0.6871800788421174,1.923126410130156,0.38282402514487457,0.7438461710275367,0.6756677478457929,1.67670094490479,0.0519600503736752,-0.29977063688584843,0.9493688710621158,0.12825075914011194,0.40130207397888085
811,-0.13442301018407446,1.67028813120587,-0.41942759324303236,0.6396980398666883,-0.09401760376660058,-0.6762623927695692,0.35301031726888715,1.7412929949508742,0.154838120411114,0.07588244837492551,1.079893625209814,0.19662564151767725,0.3623882608414653,-0.6458782086375735,-0.7238645048403726,-0.36403252873962577,0.974376865832438,-0.5367776063798432,-0.2595569838410488,-0.10104445092344057,0.7132380369511138,-0.69072572486863,2.1021163028656873,1.3859716920386296,-0.5077308127875225,0.6481161549601777,0.6103419926800282,0.07938156803706786,-0.03760633096905513,-0.23576120033977002,-0.04497575195300246,0.9162954958265174,-0.7534515729289585,1.9238866500003013,0.41234965025275505,0.7272172704128748,0.6838975167573584,1.6840035602802101,0.052780709005731466,-0.29666029472546523,0.9465501955967486,0.133937403189567,0.4038614019048545
815,-0.14019793550744078,1.6536350045516244,-0.4208659708128986,0.6413446655640433,-0.09393194488322362,-0.676616409657494,0.34934802685173805,1.7512141726733608,0.16141771254127957,0.0772481269263667,1.1005000379867622,0.20776089407937298,0.3644109505069254,-0.6346600828561999,-0.7284795169773446,-0.36618251408415387,0.9798386008950051,-0.525071441653933,-0.2662701600529701,-0.12735243145614233,0.7116558060903176,-0.7565472554771437,2.089359767696935,1.4794922524567622,-0.4964933177073981,0.6584122933381644,0.5805252189970774,0.08072398717131553,-0.03418359659335852,-0.24425906031428726,-0.09143580557577119,0.9212257401128398,-0.8147527049592865,1.93498772645719,0.458219006405003,0.714854891256232,0.6915100530005565,1.695404810379874,0.054826491750904746,-0.28958052552065194,0.9792370203041623,0.14374361692270393,0.4051876156731426
816,-0.1421561889658455,1.621659339865886,-0.4232426271031074,0.6433238686453743,-0.10226463858597777,-0.6778339506900742,0.3409068480067749,1.7158662324242886,0.1553665551478146,0.08017317873365014,1.0672158321644025,0.19384275148215407,0.3583629591588495,-0.6073303492916482,-0.7316789578161819,-0.36817125052784233,0.9848907058278795,-0.5098559428976448,-0.27247984804899733,-0.1456806570728711,0.705259359570901,-0.7842498157688079,2.095985217056999,1.5568455320355428,-0.4786469774225677,0.6679362213378021,0.58221977509995,0.06771056761508815,-0.02419022679968746,-0.2521195807907157,-0.1178723242624556,0.9288588518932082,-0.8676113631513303,1.9601440693968795,0.4925500778274819,0.7037711503963416,0.6985516490255148,1.676857203040857,0.05240463007418599,-0.2914757946476278,1.0392052333816544,0.1539530397490241,0.4049591563396511
819,-0.15010696517401376,1.5869295456941048,-0.4246849411212733,0.6449400168084983,-0.10445466094322807,-0.6775159424350113,0.33780726201887284,1.7046296684068818,0.14756834809055458,0.07757158471824098,1.08789836089887,0.20448570433012747,0.3512595090130111,-0.5768399012436627,-0.7357052342699862,-0.3700108317382542,0.9895639028907885,-0.4999605831234846,-0.2782238094453226,-0.14622652779383435,0.696683959802124,-0.7427339103595205,2.087302708474708,1.6308786754253086,-0.4471154930665887,0.6767458547374671,0.5847493221023852,0.05892443428705242,-0.01975500506500092,-0.2593905622314121,-0.13466255293751547,0.9229179653921568,-0.8622336980387921,1.975773553962844,0.5324089062666588,0.6996070638599163,0.7025801580940495,1.6821056004070423,0.050002840215831255,-0.28932843183353557,1.0940241139038236,0.16543562039977402,0.40325370140079214
820,-0.16896114801135773,1.5539387262874134,-0.4239403379623012,0.6464851380968409,-0.09058795256177438,-0.6769591179226184,0.33996638323811446,1.753645950546248,0.14480387546296303,0.06312128252792416,1.196609470038669,0.24805408900536793,0.35014249191452484,-0.5568724527876178,-0.7394321916997373,-0.3717124443578852,0.9938866101739795,-0.5056315328411918,-0.2835369737369234,-0.12485336039896033,0.6889568924350015,-0.6193099776468736,2.030960600519421,1.6992070824766279,-0.3961861054111303,0.6848947656321569,0.5762040766362264,0.0657942199251693,-0.02456246464477408,-0.2661162200640562,-0.1397801294104855,0.9009084170741756,-0.782209526130874,1.9663374408271401,0.5753862634061682,0.6994914469672012,0.6870348195111704,1.7386276555537863,0.042162105860541484,-0.27260799684786374,1.1281038056224717,0.19057196808133625,0.39856597170143127
822,-0.18672721754391894,1.5227707222302453,-0.4227301809753148,0.6479036421745725,-0.0808932812613425,-0.6762486598968283,0.34112299466825846,1.803314186678013,0.14356205940653943,0.055584131265167216,1.3030074774549303,0.2883548448299654,0.3506011714076589,-0.5224939262372288,-0.7383010353739423,-0.37328643603104383,0.997885114410931,-0.5071784960670307,-0.2884516507066541,-0.09984190422016542,0.6905607091916224,-0.4797878833540354,1.9197512505868932,1.7541731626656951,-0.3390762521784213,0.692432508209745,0.5742228949255845,0.07199148966246609,-0.027482437814763238,-0.272337453559252,-0.1417734829876966,0.8884788673934266,-0.6784769392771098,1.9349297957175366,0.614238475923135,0.6999705714159297,0.6678205315042587,1.83279624946224,0.04211460354735853,-0.2646648785385297,1.2234696590107887,0.20987961153377227,0.39342558434108144
823,-0.19920616938624347,1.5036583830599464,-0.41833758068232,0.6429274020155114,-0.08680002384454631,-0.6733536804636868,0.35454891426173957,1.8242217817684758,0.15644789369674186,0.07509543759521427,1.391414580299031,0.318928066649454,0.3518363882531166,-0.43851536560670923,-0.7144275056425384,-0.3689956865370929,1.0015837308301112,-0.4940169491159442,-0.29299772690365505,-0.0969487836712753,0.7015337760137395,-0.3667564381942439,1.7757699067928765,1.7881805796739876,-0.2792496318555553,0.6609236506278883,0.579877089210778,0.07505384134421896,-0.02176979645169787,-0.27809209454230804,-0.16073474001355717,0.8988928479996533,-0.5658824942751128,1.8663257143091914,0.652385824441939,0.7003734569431319,0.6449536824610079,1.930955780752572,0.05920297171723494,-0.30268958905834165,1.36732868458498,0.20791956402206674,0.38839134723408536
827,-0.21387166959681822,1.4748765610711672,-0.4243825972476334,0.6445653708089677,-0.0873367633539881,-0.6665762155405354,0.3641207511202914,1.8425508356412437,0.1618438539261285,0.0803411128233248,1.4711188989682427,0.3502610964984171,0.35332338832435695,-0.36763631200020874,-0.7041478294044301,-0.3617391628010167,1.0050049510178531,-0.48744749879528887,-0.297202847385881,-0.09513150191792286,0.721971589601155,-0.2452889097513156,1.642587163783411,1.8203982004285504,-0.2035148397161874,0.5689237840552679,0.5566856956420515,0.06989148994212517,-0.009759233022054312,-0.28341513745163494,-0.19598909828605285,0.9221648099560319,-0.4248583807395964,1.728233123767927,0.6953886755076463,0.6832137506780664,0.5969479648536623,2.021753347196129,0.0788976426503569,-0.31034953031129414,1.4923164772354909,0.1981095906227619,0.386806906177241
828,-0.22926202431439519,1.428548080716703,-0.44457337924113505,0.6561380859496577,-0.07227259196084057,-0.6609688429023464,0.35690289061580155,1.8589158997828445,0.15259407149275084,0.05911813418211172,1.480071816499184,0.3648823171787484,0.3518865700351791,-0.3322965750453534,-0.6982204881018038,-0.3537754085593854,1.0081695796915142,-0.47759522322086706,-0.2996158078981021,-0.09862352928602547,0.7449989382963961,-0.1090296767453896,1.5193931264996554,1.8638567256597884,-0.1162359914808957,0.48276951844435784,0.491164694503778,0.03952909910476444,0.009069757470048182,-0.28833895214276234,-0.2765036164220348,0.94147694948438,-0.2921276309245925,1.5986156394853321,0.7416938968538281,0.5879410353025638,0.5008746220980772,1.990247975242164,0.0556393404762086,-0.2724543530253266,1.4361768059623643,0.20497532955431297,0.3847663103389691
831,-0.2386920941503445,1.3751727509357863,-0.457932908359512,0.6644341492653226,-0.06412376803312081,-0.6573290136611626,0.3497627359547391,1.8784253126507753,0.14441389592839476,0.0388523360508691,1.4664345923793454,0.3732199380547967,0.3493384455467598,-0.2789425067902548,-0.6941953011600607,-0.34270101888917115,1.0110968612146505,-0.45858666656948793,-0.3033245723057445,-0.06309395106042487,0.7637350867874585,0.008195895537152664,1.405438642012181,1.9053066169667692,-0.03126088575698166,0.3929272502087046,0.4195367800715744,0.005272876296307776,0.030437468789125205,-0.29289348073205523,-0.3212092828039792,0.9840125820243009,-0.1869158734831986,1.478719466523932,0.7866343226234886,0.46325676496930346,0.40440417544072144,1.9539615871472724,0.028903350583808753,-0.2408266200085244,1.3689971545851587,0.21715515725587425,0.38135579979639717
832,-0.24095116241723294,1.313996505128205,-0.44877286066477723,0.663758596326344,-0.06935408951308084,-0.6582013885606505,0.34840417357937137,1.910637626922642,0.1341969952038245,0.025557979684315887,1.4536267352750156,0.37665775636745613,0.3461917913368,-0.18880309999363173,-0.6934983581575984,-0.32614353045725614,1.0138045966235516,-0.4366216817955285,-0.3067551793828136,0.029115459921384965,0.7610494689979408,0.0682706639944742,1.3000307438612673,1.9287422536543555,0.013917179706546438,0.30455285644305174,0.3772461136229961,-0.02379423138230209,0.052177021784541644,-0.2971064196771511,-0.3106589230362122,1.0098650697398721,-0.10241493542334756,1.3678155065346371,0.8172000078396524,0.37674542539451056,0.3207093929133322,1.9821986257600406,0.013780941684311324,-0.23377872903626035,1.37705765985274,0.22637183142507356,0.37791944744523726
835,-0.24386282895568007,1.2651475391322815,-0.4382526122185453,0.6641397916306668,-0.07252081540842016,-0.6589802014784901,0.345549074032388,1.9384721149188506,0.12072282530130757,0.014254808884130596,1.4339606109273146,0.3723526532874652,0.3423159570874896,-0.10909866073974764,-0.6972378152144718,-0.3265436470605743,1.0163092518767853,-0.3901160127707157,-0.3099284909291026,0.17037079612839018,0.7215205045003914,0.13730465742146344,1.202528438071672,1.9453239669842404,0.0353622243241815,0.22298004387528048,0.35669343987926966,-0.051160884691784966,0.0673648420609709,-0.3010033882013648,-0.23285722789240543,1.018509714114151,-0.017273660652323733,1.2652293435445396,0.8439110625238058,0.31902840940657595,0.24575586181931316,1.9902705860198944,-0.0020843578494709894,-0.22442509525939722,1.3687177480642008,0.2343785489631517,0.3751591823589068
836,-0.2518697442961435,1.261774314062885,-0.4230398405326718,0.6662418074269787,-0.07629954864847245,-0.6558863396183832,0.34657371858591773,1.9567052542581214,0.10988992296331072,0.009280466312197817,1.4302077545215188,0.36736655388319267,0.3381091656680695,-0.055184121029195767,-0.7038498290733864,-0.3315052985310312,1.0186260579860267,-0.2887080207588144,-0.31099716301858643,0.39224150892127574,0.618298034549845,0.2542524799442321,1.1175327860040598,1.9645107487957107,0.05358841795861419,0.15403966943458192,0.3780674259692176,-0.06876547289946046,0.05935206286715093,-0.3046080840862625,-0.0018979248043771435,1.0297083389240098,0.07633522464131967,1.2009770383369789,0.8796074823593267,0.2742675703510233,0.18310781731259715,1.9841107905224389,-0.014411198038355905,-0.21261617715686423,1.3386135969471387,0.24542927843799475,0.3710004481749672
839,-0.2598581968776644,1.2603417166922397,-0.40102761838834006,0.6652001328241938,-0.07678302576369449,-0.6562732266406502,0.3477335218812195,1.987463007079198,0.09831519222886223,0.017191058143464687,1.4265694413528056,0.3557325051325406,0.3343381489393376,-0.003297670060108858,-0.7099659418928824,-0.3360948261412039,1.0207691036370747,-0.20718746379697875,-0.30836916071558074,0.5872111329915319,0.5056165775328685,0.33795931232070425,1.0417781627399143,1.9747582631454312,0.04147198687157877,0.09795597264721323,0.4438870758923884,-0.06585516640716156,0.027468045355157893,-0.29401306260209553,0.21289294528948793,1.0167799616217876,0.14348432054552562,1.1667367949857594,0.9076859697632119,0.2521200979345603,0.17014413198123798,2.011812078656956,-0.016899159158439554,-0.21956935358812524,1.3353669899684466,0.2494499344751609,0.3679809745925502
840,-0.2655712239283434,1.2314310494716012,-0.3878914483090496,0.6649981998511076,-0.06120352190252765,-0.6628503141338583,0.33861627863137106,2.021147125287049,0.08992478771997717,0.03375250487619333,1.4117827505648781,0.35251885707991854,0.3306397313204202,-0.0007020378783219386,-0.7156233462509162,-0.335778306782845,1.0227514208642938,-0.19565193998977864,-0.3114214236619122,0.7024814069134658,0.4512612527718735,0.3744767631152204,0.9636448005344207,1.979014883146286,0.014339218434618533,0.03619384387961015,0.50938490360756,-0.053262630094612545,-0.003578055691403695,-0.28018825023725114,0.3403966097013058,0.9738794163995743,0.20065350530138995,1.1154003494817333,0.9305394417433084,0.2305074051479767,0.18175353515422105,2.0347329120520508,-0.02567991354690362,-0.22438490268086692,1.3277714270680585,0.26168916139223825,0.36416034393621327
844,-0.2728910428779578,1.2207813452146454,-0.3826942085510283,0.6676063353366998,-0.04205052497927815,-0.6680608066985337,0.3259268214194302,2.0637896772318927,0.08324178145586686,0.052305013422965875,1.3967372794332478,0.35290526650734466,0.3263133814394655,-0.028894592635662117,-0.7208564452820975,-0.3400473587741316,1.024585064299472,-0.19117565327552147,-0.31424476688726877,0.7869040136321568,0.4168922060762273,0.4196704976999752,0.891371440494339,1.9813916681212442,-0.021112301225124162,0.0028229869174551843,0.5787067744344585,-0.02724414202564189,-0.036551787370658666,-0.25435210174418366,0.4812007298250804,0.9125718143948455,0.26693760911373465,1.0636074746759532,0.9600303596735327,0.1969514409864538,0.19579982489443837,2.0665108753046426,-0.036610403965658685,-0.22217389329558607,1.3112983185608096,0.2781701370913556,0.3581756612566515
845,-0.2786172129757522,1.2253650873170145,-0.3818702809845874,0.673432126126483,-0.031215954533968967,-0.6672545988125053,0.3166797057704525,2.0968107111827163,0.07197839886967371,0.06298314699908918,1.3531059230537723,0.32195412508624993,0.3211649130836876,-0.04274760806894964,-0.7256970618859402,-0.3431601452037226,1.0262811844770119,-0.1874095969605102,-0.31685635937072365,0.8243242733325153,0.41780313645714023,0.4671406315769445,0.8245185824572637,1.9808693731815674,-0.08618892906416703,0.04127032614981517,0.6347066082237653,0.012128922647748905,-0.06688529088312647,-0.22366845746316513,0.5996516686797152,0.8545351684706419,0.353111510759658,1.0077613782109316,0.9917420818381176,0.1776236981408552,0.2238453144640228,2.100024722782176,-0.04243866471802015,-0.2148459024360357,1.2881635643336629,0.27195190411352205,0.35488626695168696
848,-0.2809255106101219,1.2228465154767605,-0.3873289204021433,0.6778456339674659,-0.021829290021064093,-0.6676500639456564,0.30707030257219803,2.1082120417528976,0.06984907242704813,0.06917309969175281,1.3055182089920017,0.29044464926267377,0.3156754677922878,-0.0671438330441844,-0.7301746322444945,-0.3362086247798028,1.027850095641236,-0.21045730482804728,-0.31927208241791943,0.8198328595173507,0.4548840212957499,0.5016510187436948,0.762679688772969,1.9785377147532641,-0.1612222880748605,0.09337907513466114,0.6486752391460039,0.04486344843495617,-0.07888771136782781,-0.21203403893260347,0.6789018193569594,0.8154687653575406,0.4417687502687661,0.9561005567971934,1.0216743090026874,0.16358515634954832,0.26395424091633135,2.1093417201448528,-0.04837206952037185,-0.2024449085962018,1.2592750484593151,0.2642405957662321,0.3517186986736831
849,-0.28200600985046625,1.2284247788939178,-0.3977704190122373,0.6786124570417814,-0.01859845698326447,-0.6695223748265786,0.3014614737443845,2.10955823728693,0.0785665202236909,0.0741585753058129,1.2897074591534257,0.2808448237761246,0.3100121619463375,-0.09448858125066743,-0.7343163848261575,-0.3219787857475345,1.0293013384681435,-0.24884049736063193,-0.3215066262365755,0.8146029117176653,0.5017180323119625,0.5345920970703685,0.7054787121149965,1.975601827666438,-0.22666795317386867,0.13628317064995452,0.6204826591080858,0.06588073507390682,-0.07419723025391822,-0.2139620294002163,0.772331895150144,0.7865868540918902,0.5080029251503115,0.9362927136222691,1.048785596489017,0.14594896180167324,0.3030625228476065,2.106549520270129,-0.04267007394761392,-0.19779646985775834,1.2472541190025963,0.2677670039541904,0.3458520943344859
852,-0.282503686321825,1.240688729244012,-0.40989538139453624,0.6799511733832831,-0.02351147579944191,-0.6682468618570304,0.30093146053322406,2.119901302139059,0.08581463827459254,0.07363666429260395,1.2896233123090735,0.266645490507423,0.3045672176348404,-0.10190884597258495,-0.7381475059641956,-0.30121031518587194,1.0306437380830324,-0.2758621877237538,-0.3235735792688323,0.806033050289331,0.5475292489480991,0.5717258653745535,0.6525678087063717,1.9737696594510408,-0.29223055320602076,0.1824617484495235,0.5473940961467765,0.07667903237135523,-0.06003940499995767,-0.22040863746298228,0.8444683175470917,0.7630940184964703,0.5852141465222627,0.9150289552497242,1.0744749349515401,0.1446317413543317,0.339237683634036,2.1097036102415894,-0.027234375072033704,-0.19689731209871836,1.2547960369369202,0.26736799901946345,0.3406411789038079
